rank,fitness_,ctk_string
1,3.6264682762533256,C[f(H6H2B[t(B2[l(B2[t(BH4BB6[r(B6)]H6)])])]HH4)]
2,3.581441706637236,C[l(B[b(B2B6B[t(B2[r(B6H6BB6[l(B4)]H4H)])])])f(H4)]
3,3.5780096934165044,C[r(B2)l(B6B[b(B4[b(B6)])]H4H2H6)f(H6H2H6H4H)]
4,3.5753773995910096,C[r(B6H4)l(BBHB[l(B6[r(B4)])b(B[b(B2)])])f(H4H2)]
5,3.5746732238525842,C[r(B)f(B[r(B2[l(B6H4H6HH4H)])l(B2[l(B6[l(B6)])]H2H6)])]
6,3.571102442559534,C[r(B4)f(B4[r(B6[l(B[l(B[l(B[t(B4HBB6)]H4)])]B6)])])]
7,3.56888325665439,C[f(BH4BB6[l(B6[b(B6H4B[b(B4)]H)]H2)]H6H2H6)]
8,3.5614606481862343,C[f(B4[l(B6[b(B2B6[t(B)]H4HHB2)]BH2)])]
9,3.5598793366499697,C[r(B6H4H6B6HH)f(H4BHB[l(B4H4)])]
10,3.557774736362216,C[l(B6[l(B6H4B2)]H)f(H6B4[l(B6H2HHH2H2)])]
11,3.5517216836972088,C[f(B2[r(B6H4BH6B4[b(B)]H2)]H6H2)]
12,3.5508222780735137,C[r(B4H4HBB6[r(B6[b(B2[l(B6)])]H4)]H4H2)f(H6)]
13,3.548016891614831,C[l(B[t(B6H4B6[b(B2)]HH2)]B[b(B2)])f(H6BH4H6H4H2)]
14,3.54719890543166,C[r(B)f(BH4B[t(B[l(B2[t(B2[l(B6B2)]B6)])]H4H6H2)])]
15,3.5429002048261995,C[r(B6[r(B6[l(B)b(B2[l(B4[b(B6)]H6B4H2)]H4BB4)]B6H4)])f(H6)]
16,3.5405429254036362,C[f(H6B[l(BB2[r(B2[l(B6H4B6HH4)])])]H6B)]
17,3.536677465748994,C[r(BB6[r(B6[l(B2[r(B2B6)])]B2H4HH4H4H6H4)]B)f(H6)]
18,3.536512556043043,C[f(B4[r(B2[l(B2[l(B6[l(B)]B[t(BH4)]H4B)])])l(B4[r(B6)])])]
19,3.5302327795101887,C[f(B2[r(B2H4B[l(B2)]H4H2)t(B2[r(B6B2)])])r(B6H)]
20,3.5285989866440244,C[l(B6[b(B6[b(B[r(B2B6)])]B[l(B2H4)t(B6)])]H4HB)f(H4)]
21,3.526940172196859,C[r(B4B[r(B)t(B6[l(B2)t(B[b(B6B6)])]H4H)]B6)f(H4)]
22,3.5249534947652292,C[l(B6[b(B6H)]B2)f(H2H4H4H6H)]
23,3.524892276078464,C[r(BH2)f(H6H2B6[b(B2[l(B)t(B4)]H4B[l(B6)])]BH6)]
24,3.5234915490550436,C[l(B2[r(B2[b(B2[r(B6[t(B2[l(B6)])]H4)]H4)])]B6HB)f(H4)]
25,3.5229978353537534,C[l(B6B2[b(B2)l(B6[t(B2B4)]H4H6BH4)]H6)f(H6)]
26,3.5228484834643234,C[l(B6B[r(B6[b(B2[b(B2[r(B)])t(BH4B[r(B4H4)]H4)])]B)])f(H4)]
27,3.5221510191663894,C[r(B)f(B2[r(B2)b(B4[l(B2B6B[r(B[l(B2)])]B6H6)])]H6H4H)]
28,3.5192507197791354,C[l(B2[l(B6[b(B6[b(B[l(B)]BH6B)]H2)]B)]HH2)f(H6H4)]
29,3.518303605839059,C[r(B4B6[b(B2[b(B2)])t(BB6)]B4HB)f(H6H4H6H)]
30,3.518120519316378,C[l(B[l(B2[t(B2)l(B2H2)r(B6B)]H4H4)])f(H6BH6H6)]
31,3.5181033367635655,C[r(BB[t(B6HB[b(B6[b(B2[r(B6H4H)]HH2)]H2)])])f(H4)]
32,3.5171830593585014,C[f(B2[r(B6[t(B6[r(B6BH4B2)])])]HH2)l(B[r(B)]H4)]
33,3.5161288310495444,C[l(B[l(B[l(B2)r(B6B[r(B)]H4B)]H4H6H2)])f(H4)]
34,3.515297455394433,C[f(H4H6B[l(B6[t(B[t(B6H4)r(B[t(BB2[r(B2H)])])])]B6)]H2)]
35,3.5147168474414148,C[r(B6[r(B4[r(B6HB)]HHB4)])f(H4H2H)]
36,3.5141403295143454,C[f(BH4BB6[l(B6[b(B6[t(B2[r(B4H6)])]H4H6)]B2[l(B2[b(B2)])])])]
37,3.513868471195275,C[f(B6[l(B6[b(B2[b(B2[r(B6[l(BH4B2)]BH)]H6)])])])r(BHH6)]
38,3.5128735378773213,C[r(B6H6)f(H6B[l(B2[l(B4[l(B6[b(B2)l(BH4)]B2)])])])]
39,3.512709013438184,C[r(B6H4)f(H6B[t(B[l(B6[b(B2)]B6H)]H)]H6HH2)]
40,3.512352880738735,C[f(B2[t(B6B2[b(B6[b(B6H2H4B4H4)l(BH4)])])])l(B6H2)]
41,3.512037715453352,C[f(H6B[l(B6[b(B2[b(B2[r(B6[l(BB)])])]H4BH6)]H4)]H6H4)]
42,3.5116213017180304,C[l(B6H4HB[b(B6)l(B6[l(B2[r(B4[l(B6)])])]H4H6)]H2)f(H4)]
43,3.510217865330013,C[r(B6[l(B6BH4H4B4B6[t(B)])]H2H4B2H6)f(H6H4)]
44,3.50918405861956,C[f(H6H6B2B[l(B2[b(B2[r(B2H4)])]B6[r(B[l(B6B6)])]H)])]
45,3.507780098637593,C[f(H4B4H4H2H4B6[b(B2[b(B2[r(B6)t(B6[b(B[r(B4)])])])])])]
46,3.5070345690998677,C[l(B6[l(B[l(BH4BB6H4)]H2H4H2H6)]B)f(H6)]
47,3.5052069969986035,C[f(B2[r(B2[l(B6[l(B[l(BH4)])r(B[r(B4[l(B[t(B6)])])])]H4H6)])])l(B6B2)]
48,3.503069305351073,C[f(B[l(B6[b(B2B4[l(B2[l(B2[l(B[b(B6)])])])]H4HH2)])])]
49,3.502143720353922,C[r(B[t(B)l(B2[r(B2HH6)]BB4B6H6)]H4)f(H4)]
50,3.501986483262078,C[l(B6[r(BH4B[b(B6[b(B2[b(B2)])l(BH4)]B4)])]B6[b(B)]H2)f(H4)]
51,3.5012659240619266,C[r(B6[t(B6H4HBH6H4H)]B4B[r(B2)b(B6)])f(H6H2)]
52,3.5009199910792868,C[f(B2[r(B2)t(B4H6H6)l(BB2H4H6B[l(B)]H6H)])]
53,3.499980559220262,C[r(B6[t(B[b(B6[b(B4)])r(BH)]H2)]H4H2)f(H6H4)]
54,3.4978424832768082,C[f(H6H4H6HBB6[l(B6[b(B2[l(B2)])]B6[t(B[l(B6[l(B2)])])]H2)])]
55,3.497373547352027,C[l(B6[b(B2[l(B2[l(B2[l(B4)])]H4H)]H4B2)t(B6[r(B)])])f(H4)]
56,3.496469479616956,C[f(B2[r(B2[r(B)l(B[t(B4[l(B6)])]H4H)]HB)])r(B6[r(B2)])]
57,3.4956729053250015,C[r(B4)f(H4H4BB6[l(B6[b(B2[b(B2)t(B[l(B)]H6)])]B2)]H6)]
58,3.494883793879324,C[r(B6[t(B6H)]B[r(B2[b(B2[r(B2[l(B2BBH)])])])])f(H4H4)]
59,3.4943141364385397,C[l(B[t(B[t(B6[r(B4[l(B2B6HH2)])t(BH2)]H4H6H6H4)])])f(H4)]
60,3.4938614290103875,C[r(BB2[r(B2[t(BB6)]H6B2[r(B6B6[l(B6H4)])])])f(H4)]
61,3.4936934059982976,C[r(B4)f(H4B2HB[t(B2)b(B6[b(B[b(B2)])]H2H4)r(B[t(B4)]B)])]
62,3.4935727043520775,C[f(B2HH2)r(B6[b(B[r(B6B2)l(B6H)]H6H4)])]
63,3.4933875783192105,C[f(B2[r(B2[r(B4[r(B[b(B6[r(B6H)]H4B4[t(B6H)])])]B4)])])]
64,3.492869915799029,C[f(B4[t(B4[l(B2H4B[r(B6[b(BH)]B6)])]H4H2)])]
65,3.49267175995041,C[l(B[b(B)r(B6[t(B[t(B6[r(BH4HB[r(B2)])])]H4H2)]H2)])f(H4)]
66,3.492461482634736,C[l(B[l(B2[r(B[r(B6)])]H4)]H2H4B)f(H6H4B[l(B4)])]
67,3.4917035500041473,C[l(B4B6[l(B)]BH4B[l(B6H2)])f(H6H4H6H2H4)]
68,3.4910462045845794,C[l(B6[l(B[l(B2[r(B2)])t(B[r(B6)])])]H4)f(BH2H6)]
69,3.4903594906053046,C[l(B4[l(B6[b(B2BH)]B2)t(B[r(BH4B2)]HH4)])f(H6)]
70,3.490199414236436,C[r(B[t(B2B6[b(B2[t(B4)l(B6H4)]H4B)]HH4)])f(H2)]
71,3.489761357464893,C[r(B6H4H4B2)l(B6[l(B2)]B[r(BH4)]BH6H2)f(H4)]
72,3.489363181160421,C[f(B2[t(B2[l(B)])r(B6H2)]B2H4H4HB[b(B6[l(B2)])])]
73,3.488380752427152,C[l(B6[r(B2[r(B2[r(B2)])])b(B[b(B)]H)]B)f(H6H6H4H4)]
74,3.4879012830627287,C[f(B6[l(B6[b(B[t(BB[r(B6H2H6H2)]H4)]H4H4)]B2H4)]B)]
75,3.4871621557898242,C[f(H6H2BB6B6B[t(B[l(B6)]B6[r(B)]H4HH2)]H6H6)]
76,3.485958290453448,C[f(B6[l(B6[b(B2[b(B2[r(B4B6[l(B)]H4)])])t(B4)]HBH)])]
77,3.4854938041502566,C[r(B6[l(B6[r(B2[r(B2[t(B)l(B6H4)]H6B2)]B)])]H6)f(H4)]
78,3.485470417755721,C[l(B6B2[l(B6[r(B2[t(B6[r(B6)])r(B6[t(B)]H4H6)])]B)])f(H2)]
79,3.4842306621878536,C[r(B)l(B6B[r(B2[b(B2)]HH2H4H6)])f(H4)]
80,3.4819658207305464,C[f(H2B6[t(B2B)b(B[b(BH4)])]B6H4H6B[b(B4)]H4H2)]
81,3.4806641854640143,C[r(B2[r(B6[l(B)])]H)f(H6B[r(B2)]H4HH4)]
82,3.4796818541498427,C[l(B6[r(B2)b(B4B)])f(H4H4B[r(B4[b(B6)]H4HH2H)]B)]
83,3.4795026032665026,C[f(H6B4[l(B2[l(B[r(B6H4B[t(B6[l(B2[r(B2[r(B)])])])])])])t(B6)]H)]
84,3.478916553939219,C[f(B2[r(B2[r(B2[l(B4[t(B6[b(B6)])])]H)])l(B6H4B2)]H6)]
85,3.4786080053363673,C[r(B6[l(B6[b(B2[tb(B4)]B[b(B2B4[t(B)]HH)]H2)]B)])f(H6)]
86,3.4773063596839604,C[r(B4)l(B6[b(B2[t(B)])t(B[b(B[b(B6H4)])])]H)f(H2H4)]
87,3.4772565733957315,C[r(B[t(B2[b(B6)])l(B2[r(B2H4)])]HH6)f(H6BH)]
88,3.47703450419773,C[r(B6[r(B)l(B2[r(B2)b(B4[t(B6[l(B6B6)]B)])])]H)f(H6BH4)]
89,3.47703287666479,C[l(B6[b(B2[l(B6[r(BH)]H4H4)])]BB6B)f(H6H2)]
90,3.47520443767735,C[l(B2[l(B2[b(B2[t(B6)r(BH4)l(B[r(B6H)])])])])r(B4[r(B)])f(H6)]
91,3.474489844379198,C[r(B4[b(B4[r(B6[t(BH4B[l(B6)b(B6B)]B6)])])])f(H4)]
92,3.4742815091091277,C[f(B2[t(B6B6B[l(B[t(B4H)]B6H4H2)]H4H4)])]
93,3.474221996340614,C[l(B6BH6H4H2H4)r(B6[l(B2)]HB[r(B)l(B6)])f(H4)]
94,3.4738405499082705,C[f(B4[l(B6[t(B6)b(B6[l(B2[r(B2[r(B2)t(BB6)])])r(B[l(B)])]H4)])])]
95,3.473593165394059,C[r(B2)l(B2[l(B2[b(B2[l(B4BH4H)t(B6B[r(B6B)])])])])f(H4)]
96,3.4725057635842544,C[f(H4B4B[t(B6B2[t(BH4BH4)])]HH)]
97,3.4724387372025793,C[f(H6B6[l(B2[b(B2[r(B6[t(B)]H4H4B4B6H)])])]H4)]
98,3.4723329232671274,C[r(B[t(B2[l(B4H2)]B6H2B)]H4BH6H4)f(H6)]
99,3.472262891914252,C[f(B4[t(B[l(B6[l(B)r(B2)b(B6H2)]H)])]H4BH6H4H4)]
100,3.471892197962242,C[f(B6[l(B6[b(BH4H6BH4H6)]B2H2)]B[r(BH)]H2)]
101,3.4715328852763894,C[l(B6[l(B6H4)]BB6[l(B2[r(B2[r(B2[l(B[b(B[r(B6)])])])])])])f(H6)]
102,3.4713134191833976,C[l(B2[r(B2[l(B2)r(B6B2)]H6)]H6H4H)f(H6H2)]
103,3.47123603053966,C[f(B6[b(B[r(B6[b(B2[r(B2)]H4B)])]HBB6[b(B6)]H2H2)])]
104,3.470852348158109,C[l(B6[b(B6)l(B6HB)t(BH6B)]B4H6HH4)f(H4H2)]
105,3.470733512113431,C[f(B2[r(B2[t(B[b(B6B[t(B6[r(B6)])]B)]H4)])]H6H4)]
106,3.4707086450400655,C[r(B6[b(B6[b(B6[b(B)l(B6[r(B2[r(B2[r(B2)]H4B)])]BH)])])])f(H6H4)]
107,3.4705480789786742,C[f(H4B6[l(B2[r(B6[b(B6[t(B2)])]H2)]H2H4B)r(B[l(B)])]H4)]
108,3.470290325649567,C[r(B6[l(B2[t(B)l(B2B2[b(B6BB6)])b(B4[l(BH4H6)])])])]
109,3.470183571529515,C[r(B2[t(B6H4)]H6)f(H4B4B4[l(B6[b(B2)]B2)t(BH4B)]H2H6)]
110,3.4701280098727265,C[l(B6[r(B2)]HBH4BH4H2)f(H6H6H2)]
111,3.4697370271009484,C[l(B6[b(B2HH2)]B[r(B4B)])f(H6BH4HH4B6)]
112,3.4696163197885523,C[l(BH2)f(HB6[t(B[b(B6[b(B4HH6H4)])])]H4H2)]
113,3.469496775654264,C[r(B[b(B)]B6[b(B6[l(B2)]H4)]H)f(H4BH4H2H6)]
114,3.4690874709283035,C[r(BH4BHB[l(B6[b(B2H6)]H6H)])f(H4)]
115,3.468003051018175,C[r(B6[l(B[r(B2[b(B2[r(B6)])]H4HH4)])]H4)f(H4)]
116,3.467733424685078,C[f(B2[r(B2[l(B6H4B[r(BH6H6H6)])])]H4)l(B6B6H4)]
117,3.467079118507372,C[f(H4B2[l(B6[b(B2[b(B4[l(B)])]H6)]B[r(B)]HH4H6)])]
118,3.466776806031723,C[r(B6)f(H4BH6B2[l(B2)b(B2[b(B[l(B6[r(B6[b(B6[t(B6H)]H4)])])])])])]
119,3.466653487509705,C[r(B6[r(B6[b(B2[t(B[t(B4)]H4B)])]H4)]HH6H2)f(H4)]
120,3.466622267372096,C[f(B[r(B2)]H4H6B6[t(BH)b(B[r(B6[b(B6[b(B6H4H6H2)])])])])]
121,3.466585311531813,C[r(B6)f(H4BH4B[b(B6[r(B2[r(B2)])b(B4)]H)]B6H4)]
122,3.46518108162186,C[f(B4[r(B6[b(B2[b(B2H6)]H4H6H)l(BH4)]B6)]B)]
123,3.4644640548052923,C[f(B2[t(B6[l(B[l(B2[b(B6B2[l(B[r(B2)])])]H6H4)]H)])])]
124,3.4643196991327727,C[r(B6[l(B6[b(B2[b(B2[t(B)])t(B4HB2)])l(B6H4)]B2)]H)f(H4)]
125,3.4634850852565267,C[r(B2)f(H4B[l(B2[r(B2H4B)])r(B6[b(B6)]B4)]HH)]
126,3.4631389959698025,C[l(B4B6[b(B2)]H4HH2)r(B4[r(BH6B[lb(B4)]B6)])f(H4)]
127,3.462855672376865,C[l(B[t(B2[l(B[r(B2H4)])]H4B6H)]B6H6)f(H4)]
128,3.4625898118130713,C[f(B2[r(B2[r(B6[r(B6B2)]H6H)t(BH4B2)])]H6H4H2)]
129,3.4623874392142646,C[r(B[r(BH6H6B6[b(B2H4B2)l(B6[l(BH4)])])]H4H2H4)f(H4)]
130,3.4621805545960935,C[r(B6[r(B6)l(B6[b(B2[b(B2[r(B2)])t(BH4B)])]B4)])f(H6H4H)]
131,3.4621331005095266,C[l(B6[b(B2)]B[r(B)t(B6[r(B2H)]H6H6B[r(B6)])]B4)f(H4)]
132,3.462023303394089,C[l(B6[l(B[r(B6B2)]H4H)]BH4B[r(B2[b(B2)])])f(H6)]
133,3.461791994364477,C[f(H6H4BB4[l(B6[b(B2[b(B2[r(B6[t(B2)])])]HH)]B2)])]
134,3.4617835126782186,C[f(BHB[b(B2[r(B2[r(B2[b(B2H4)l(B6[b(B6)])]H)])])])]
135,3.4616066768439957,C[r(B4[b(B2[r(B2[l(B2H6H4B[t(B)]H)])l(BB2)])])f(H4)]
136,3.4612453309315763,C[r(B4[b(B)r(B[r(B2[r(B2B6[l(B6H4)]BB4)])]H)])f(H4)]
137,3.4608840268153944,C[f(B4[t(B[b(B6B2H4H2H6H4H2)]H6)]H4H)]
138,3.4608031168419555,C[f(H4H4H6H2H2B6[b(B2)]B[r(B4[l(B2B)])]B6[b(BH)])]
139,3.4607701473452543,C[l(B[t(B[t(B6[l(B)r(B[b(B2[r(B6[r(B6B[l(B)]H)]H4H6)])])]B4)])])f(H4)]
140,3.4590484676540507,C[f(B2[r(B2[t(B6)]H)])r(B6H2)l(B[r(B4H6H4)]H)]
141,3.458481768498755,C[l(BBH4B[b(B6[b(B2[b(B2[r(B6[b(B2H4)]H4)]H6)])]B)])f(H4)]
142,3.457985311006091,C[l(BH)f(H2B4[r(B2[b(B2)])b(B4H)]HBB6[b(B6)]H4)]
143,3.4574425879515016,C[r(B6[r(B6[b(B4[b(B)l(BH2)t(BHH4H2H6H)])]BH6)])f(H2)]
144,3.457110549712686,C[f(H4B[b(B4B6[r(B6[b(B2)])t(B6[t(BH)]H2H2)]H)]H4B)]
145,3.4570769670164134,C[f(B2[r(B2[t(B)l(B6B6[t(B4HB4[b(B)])]H4H)])]H4)]
146,3.4570717635662778,C[f(H2H6H4H4H4B6[b(B)]B6[b(B6[r(B)t(B2[t(B)]H4)])])]
147,3.45669724778841,C[f(B2[r(B2B4[l(B2[t(B4[b(B[b(B6B)])t(B[t(B)])]H4H4)])]H)]H)]
148,3.4565700191268802,C[l(B[l(B6H4B[b(B6[b(B2[r(B2)])])])])f(H2H6)]
149,3.456560553938223,C[f(H6B2[r(B6[t(B2[r(B[b(B6)])]H4)r(BB4B)]H4)])]
150,3.4563833835395346,C[l(B[r(B6[t(B6[l(B6[b(B6)l(B6H4H)]B2[b(B6)]H4)])])])f(H4H2)]
151,3.455023567640426,C[f(HB[r(B2[b(B2[r(B4)b(B[l(B)])])])b(B6[l(B6B)]H4)]H6)]
152,3.4548590449807355,C[r(B)l(B6[l(B[r(B2[b(B2H6)])b(B6)]H4)]B4)f(H6)]
153,3.4548062299082236,C[r(B4[l(B6[b(B2[b(B4[r(B6[t(B)]H4)])])])t(B[r(BH)]B4)])f(H4)]
154,3.454252499322916,C[l(B6[t(B[t(B6[t(B)l(B2[r(B2[l(B4[l(B4H)]B6)])])])])])f(H6H4)]
155,3.453083131323058,C[l(B6[b(B2[r(B2)b(B2[t(B6[r(B6H6)]BHH4)])]H4)]B)]
156,3.4526783569874553,C[f(H2B6[r(BH4B6[b(B4[l(B2[l(B2)]BHH)r(BH4H6)])])])]
157,3.452282865308539,C[l(B6[b(B6[r(B2[t(B)r(B2)])]BH2)]H)f(H4HBH4)]
158,3.4521954438505777,C[r(B)l(B6[t(B6[b(B)]H4)]BH4B[b(B2)]HH4H4H4)f(H4)]
159,3.451875821394019,C[f(B4[l(B6[l(B[r(B2[b(B2[r(B6H4)]H6)]H4H4H6H)])]B)])]
160,3.451158130272916,C[r(B[t(B[l(B6[r(B6H2)]H6)]B6B2H4H4H4)]H4)f(H4)]
161,3.4510258774924054,C[f(H4B4B6[l(B2[r(B4[l(B2[l(B[r(BH)])])])t(B6[r(B6)]BH6)])]H4)]
162,3.450424229644977,C[r(B)f(B2[r(B6H)t(B[r(B2B6H6)]BH6B2[l(B6[t(B)])])])]
163,3.4501314260113087,C[f(B2[l(B4[b(B)l(B6[t(B)])t(B[t(B2[t(BB6)])])]H6H4)]H6)]
164,3.4492983965184747,C[l(B6[b(B2[b(B4[r(B6[l(B[l(B6H4)])]H4HH6)])])])f(H4)]
165,3.448977782075963,C[r(B6[r(B6H)]H6BH4B2[b(B2[b(BBH4H4)])])]
166,3.4484566226495454,C[r(B6[l(B2)r(B6)t(B[r(B[r(BH6B)])])]H2H4HH)f(H6H2H2)]
167,3.447818277027018,C[l(B6[l(B[t(B2)]H4B2H2)]BB6[b(B2[r(B2[l(B6)])])]H)f(H6)]
168,3.447049699687605,C[l(B)f(H6B4HB[r(B4[t(B6)b(B6[l(B2[r(B6[l(B6H4)])])])])])]
169,3.446897915004147,C[l(B[l(B6[l(B2[r(B2)]B[r(B4H4B2[b(B6)])])]H4)]H)f(H4)]
170,3.4468905962646117,C[r(BB6[l(B6[b(B2[l(B6H4)]H4HB)])]BH2H6)f(H2H4)]
171,3.446338231277733,C[f(H6H4H6H6B[r(B4[r(B)])t(B[t(B6[t(B2)])]H6)]H6B2[r(B2)])]
172,3.4463291556329523,C[l(B[l(B6[t(B[r(B6H6H)]H2H6)]H4)]B2)f(H6)]
173,3.4462093003844743,C[r(B4[b(B[r(B4HB[b(B6[b(B2)]BH)]H2)]B6H6)])f(H4H4)]
174,3.4457330777757305,C[r(B[l(B6)t(B[t(B6[l(B2[r(B2)])t(BB[l(BB6)])]H4H4H)]H)])f(H6)]
175,3.444860453915485,C[f(H4B[l(B2[b(B6[b(B2[r(B)]B6H2)l(BHH4)])]H2)]H6)]
176,3.4444890717217955,C[f(B2[r(B2)])r(B6[t(B4)]B[r(BH4B[b(B6[l(B6)]H4H4)])]B6H)]
177,3.4444107370298633,C[l(B6[l(B4[r(B2[b(B[b(B)r(B4[t(B6[l(B)])]H4)])])])]H4)f(H6)]
178,3.4440075404293644,C[r(B6[l(B6[b(B2[t(B)])]B6[t(B)]H2)t(B[t(B)]BH6)])f(H6H2)]
179,3.4436272046112375,C[f(B2[r(B2)])l(BB[t(B)]H4B[r(B2)b(B6H)])]
180,3.4436034290923594,C[f(H6H4B6[b(B2[r(B4B6)]H4B[r(BH2)])]H6H6)]
181,3.4433953975691582,C[l(BB[r(B6)t(B[t(B2[l(B2[b(B2)])])l(BBB6H6)])]H4B)f(H6H4)]
182,3.443378209498245,C[f(B2[b(B2)r(B6)]H4B[b(B2[r(BB2B6H4H6)]H6H6)])]
183,3.4431997757496196,C[l(B6BH4B2[b(B6[b(B2[b(B2)])]B6H)]BH6)f(H4)]
184,3.44317717112541,C[f(H6B2[l(B[l(BBB6[r(B6B6B6H2)]H4)]B[r(B2H4)]H6)])]
185,3.443175042878833,C[l(B[l(BH4B[b(B6[b(B2[b(B2[r(BH4)])]H6H2)])]H4)])f(H4)]
186,3.442834915426264,C[f(B2[r(B2[r(B6[r(B6H6)]B6B4)t(B[l(B)]HH4H6)])])]
187,3.4425902821547814,C[l(B6[t(BB2H2)l(BHBH4H2)])f(H2B)]
188,3.4418754568972907,C[l(B6[b(BB6[t(B2)l(B4H4H2)]BH6)])f(H4H4H6)]
189,3.441562940693873,C[l(B6[l(B2[r(B2[l(B6)t(BH4)])])]H4H)f(H4B4[t(B6B)r(B[l(B4)])])]
190,3.441463066717966,C[l(B2[l(B6[b(B6B2B4[l(BH6H)]B6H4)]H2)])f(H4H2)]
191,3.4408955880633103,C[r(B6B[r(B4)b(B[lt(B2)r(BH4H6)])]H)f(BH)]
192,3.4408398921989756,C[l(B[r(B4[b(B4H4B)l(B6B6[l(B2B)]H4)])l(B6)]H2H2)]
193,3.440714895004952,C[r(B[b(B2[r(B2)l(B[t(B2[b(B2)]B6B2)]H4H)])])f(H6)]
194,3.4405908343760947,C[l(B6[b(B6H4H4BH4H2)l(B[l(B2)]H2)]BB2)f(H)]
195,3.4404903748195412,C[f(H6H4B[r(B2B4)]B4B6[b(B2[b(B2)])l(B6)]B[l(B)]HH6H6H)]
196,3.440433250340802,C[f(H2H6B2[t(BH)]H4B[b(B6)]B6H4)]
197,3.440048792576641,C[f(B2[r(B2[b(B2[l(B4[b(BH6)])]B6BHH4)t(B4H)]H4)])]
198,3.439968081740899,C[f(H6BH6B6[l(B2[r(B6[b(B2)l(B6H4H)]B6)]HH2)])]
199,3.439705757913697,C[f(H6H4B6[t(B)l(B2[t(B6B[t(B2)])r(B6[t(BH4B6)])]BH2)])]
200,3.43937760070379,C[r(B4[b(B6B2[l(B[b(B[b(B2)]H4H4)]HH6H2)])]H2)f(H6)]
201,3.439128969203197,C[f(B4[r(B6)]B6[l(B6[b(B)r(B2H6)])]H2H4BH4H6)]
202,3.4390368382038288,C[r(B2[r(BH4B[l(B6)b(B6[b(B2[b(B4)])l(BH4H6)]BB2)])])f(H4)]
203,3.43892384756419,C[l(B[l(B6[t(B2H6)]H4H6H4B[b(B6)l(B6H6)])]H6)f(H2)]
204,3.4387893992803695,C[l(B6[b(B[r(B)b(B6[b(B2[b(B2)])])]H4H4H)])f(H6H6H6)]
205,3.4384390032767826,C[f(H4B4[t(B2B6[b(B2)l(BH2)]B6[t(B2BH4)]B4H2)])]
206,3.4381170314641647,C[l(B6[r(B2)b(B6)l(B6[t(B)]H4H2H4)]BHH6)f(H4)]
207,3.437997720169238,C[l(B6[b(B2[b(B6)])t(BB6[b(B)l(B2)]H4H6)]H2)f(H4H2)]
208,3.437046038687058,C[l(B6[b(B6[b(B2)]B2BH2H2)]H)f(H4H4)]
209,3.436623710075962,C[l(B[t(BH4BB6B[r(B[b(B2)])]BH4H)])f(H6H4)]
210,3.436268294233084,C[f(B4[r(B2[t(BBH2H4)]H4)])l(B6[b(B6[r(B4[r(BH)])]B2)])]
211,3.4361702051510914,C[f(B2[r(B6[l(B)b(B4B6H4H2H6)]B)]H)]
212,3.435717984460391,C[l(B[r(B2[b(B2[l(B4[l(B)]B6[l(B[r(B6)])]H4)])])]H6H)f(H4)]
213,3.435044844028522,C[f(B2[r(B2[t(B2[b(B6B4)])]H4H6)])r(B[r(BH4H)]HH2H6)]
214,3.434831169963262,C[r(B4[b(B2[r(BB[b(B2)t(B6[l(B6H4H)])])])]H2)f(H6BH6)]
215,3.434577366740041,C[r(B4[l(B6B)t(B6[b(B2[b(B2[l(B)])l(B6H4)])])])f(H4)]
216,3.4345486779201337,C[r(B[r(B6)t(B[l(B6[t(B4B6)]H2H6H2)r(B[l(B6H4H4)])])])f(H4)]
217,3.4339904847066,C[r(B6[r(B)l(B2[r(B2[b(B2[t(B)l(B6[b(B6[b(B2)])]H)])t(B4B6)])])])f(H4)]
218,3.4335867902610806,C[l(B2B6[b(B2[b(B2[l(B2H4H)]H4)])]B[r(B)]B6)f(H6)]
219,3.432940630789484,C[r(B6[t(BH4B)r(B[l(B[l(BH4)]H2)]B2B4H2H)])f(H4)]
220,3.4326718234345615,C[f(B2[r(B6[t(B6[r(B[r(B[t(B6[b(B)]H4H4)]H4)]H)]H2HH2)])])]
221,3.4318891736322708,C[l(B6[b(B2[r(B2)l(B6[r(B)]H4H6B)])]B6H6B[r(BH6)])f(H4H4)]
222,3.4315724929126366,C[l(BB6B6B[l(BB6)]H6H6H6H2)f(H6H4H2H)]
223,3.431316912082039,C[l(B[l(B6[t(B[l(B6)r(B6B2)])]H4H6)]H2)f(H6H2)]
224,3.4312811105304544,C[f(H4B4[l(B2B6[b(B2[b(B2)])l(B6H4H2)]B[r(BH4B)]H)])]
225,3.430642085119246,C[l(B6[t(B[r(B2[l(B6[r(B6)t(B[r(B)])]HH)]H4)])]H4H6)f(H4)]
226,3.4306232481731294,C[r(B[r(BH4B[l(B6[r(B2[l(B6[b(B2[b(B2[r(B[r(B6)]H4)])])])]H4)])])])]
227,3.430499402700704,C[l(B6[b(B2)])r(B6[b(B[t(B4H4B)]H2)]B6H4)f(H4)]
228,3.430306246278191,C[r(B[r(B4[l(B4)]HB[b(B2[r(B4[r(BH4H)])b(B6)]B4)l(B6)])])f(H4B4)]
229,3.429843880221297,C[f(B2[r(B[t(B[l(B)b(B6B)]BH4)]H4)]H4H2)]
230,3.429156868721614,C[f(H4B[l(B[r(B)l(B2)b(B6)]B[l(B2[r(B2)])]H4H4H)]H6H6)]
231,3.428815498211819,C[l(B6[b(B2[b(B2[r(B6H4)])r(B4B[r(B)])])]BHBH6)]
232,3.428673912237115,C[r(B4[b(B[l(B6[b(B2)]H6BH6)]BH4H)]H2)f(H4H)]
233,3.428612926525032,C[l(B6)r(B6[l(B6[b(B2)]BH4BB4B)]H4H4H)f(H2)]
234,3.4284869732446817,C[l(B6[r(B2[l(B2)])l(B6[b(B2BH4)r(B4)])]H)f(H2)]
235,3.4283949120131565,C[l(B[l(B[b(B6[b(B4)l(B[t(B6)]HH4)]B4)]H2)]H6H2)f(H6)]
236,3.4282987302105807,C[l(B2B6[r(B2[r(B)])b(B6B)]BH6H2)f(H6H4)]
237,3.4279834204379607,C[l(B6)r(B[l(B2[r(B2[l(B2)])])r(BB)t(B[l(B)]B6)]H4H4H4)f(H4)]
238,3.4278037407455204,C[l(BB6[l(B6[b(B2)]B[l(B2B6[l(B4)]H4)]H4H6)]H4)f(H2)]
239,3.4270321825922823,C[f(B2[r(B2[l(B2[l(B6[b(B2)])])])t(B6[r(B6)t(BH)]B6H4)])]
240,3.427021037432679,C[r(B[l(B[l(B2B2[r(B6)])]H2)]H4H)f(H4H4H)]
241,3.426348249002075,C[f(B2[r(B6[t(B2)]H4)]H4BH6HH6H2H2)l(B6B6)]
242,3.426124298961171,C[l(B6[l(B[l(B2[r(B6H4)l(BB)])]B)]H2H4)f(H4)]
243,3.4255219978603337,C[f(B4[l(BH4B2[l(B6[b(BB6[l(B)]H6)]H2)])]H6H4)]
244,3.4253694773504364,C[f(H6H4BB2[t(B6B)r(B[r(B6[l(B)b(B2[l(B4)])])])]H6)]
245,3.42495347999732,C[f(B2[r(B2)l(B4B6[b(B2)r(B6B2)]H)]H6HH6)]
246,3.424540825665321,C[f(B[t(B6H4H6B[t(B2[l(B2)])]B6[l(BH2H4)])]H4H)]
247,3.4245291126769963,C[l(B2BB6[r(B2B6BH6B2)l(B2[r(B2[l(B6H4)])])]H4)f(H4H4)]
248,3.42380772704605,C[f(HH6B[t(B[b(B6[b(B2H6BH6)l(BH4)])]H2H)])]
249,3.423594110441769,C[f(H6B4[l(B2B6)]B2[l(B)r(B2)t(B4[b(BB)]H6H4)]H4)]
250,3.4234516807977475,C[r(B4)f(H4B[t(B4[r(B2)l(B6[t(B4H6H4H6H)])])])]
251,3.4233546609165613,C[f(B2[r(B2[l(B4[r(B)b(B2[b(B6[l(B6H4H)]B2)]B6B6)])])])]
252,3.422914153102155,C[l(B4[l(B6[b(B6[r(B2)])]B[r(B2HB)t(B6HH6)])]H4H4)f(H4)]
253,3.422804112742708,C[f(H6H4H6B[t(B2H)l(B6[b(B)])b(B6[b(B2)]B4H)]H4H2)]
254,3.4223733977772803,C[f(H2H4B[l(B4H4B6H6H)]H4H6H4)]
255,3.422110885082393,C[l(B6B[b(B6[l(B)b(B2BH4)]B2[l(B2[r(B4HH)])])])f(H6)]
256,3.4219627743727052,C[l(B6[t(BH6B6B[t(B[b(B6[b(B2)]B6H6)])]H2H6H4)])f(H2)]
257,3.421011583433457,C[f(B6[l(B6[b(B2[r(B2[l(B[t(B[b(B2H4)])]H4)])]H4H)]B2)])]
258,3.4209639710591646,C[f(B2[r(B2[t(B6[t(B2B6[b(BH4)])]H6)]H4B[r(B4)])])]
259,3.4206818522586353,C[f(B6[b(B6[t(B[l(B4)]B[l(B6[l(B)]H6)]H4)]H4H6H2)])l(BH2)]
260,3.420568444903836,C[f(H4B2[r(B2H4H)]B4[l(B[t(B2)]B[b(B[b(B6)]H6H4H4)])])]
261,3.4205233989830095,C[f(H6B[l(B2[r(B6[l(B6)]B6HH4H4)]H2)]H6B6[b(B2)t(BB[r(B2)])])]
262,3.420208667496378,C[l(B)r(B[l(B2[r(B2H4)]H4)t(B[r(B)l(B6)])]HH6)f(H4H4)]
263,3.4199149297486526,C[r(B[b(B2[l(B2[r(B6[b(B2[b(B2[r(B6H4)])]H4)]B[t(B2)]H6)])])])f(H)]
264,3.4195525990658178,C[f(H6B4[t(B6[l(B6[b(B2[b(B2H4H)t(B4B6)l(B6H4)]H4B)])])])]
265,3.4190106497379613,C[l(BH2)f(H4H4B6[t(B)l(B2[t(B4)r(B6BH)])])]
266,3.4188664557255395,C[l(B6[l(B[l(B6)t(BH6H)])]BH)f(H2H4H4B2[t(B2H2)])]
267,3.4186006620440805,C[f(B2[r(B6[l(B2[r(B2)])b(B2[t(B4H)])]H2H4)]B2[rb(B)])]
268,3.4184282440764284,C[r(B6[t(B6[b(B2[t(B[l(B)])]H4)l(B6)]B6H6H4)]HH)f(H2)]
269,3.418361685016232,C[r(B6[r(B6[b(B2)]H)t(B[r(B2)t(B[t(B)])]H6H4H6H6)]H2)f(H6)]
270,3.418183912177815,C[l(B[b(B2[l(B)]B6[l(B2[r(B2[r(B2)])])]H)]H4)f(H6)]
271,3.418106616736989,C[f(B2)l(B6[b(B4[b(B2)]H)l(BH4H4H2)]B2[l(B[r(B)])])]
272,3.4176536374164463,C[f(H4B[t(B6[b(B2[b(B2)l(B6[b(B2[l(B)])]H4)])])]HH4)]
273,3.4174691758463416,C[f(B2[t(B6[r(BH4H4H4)t(B[r(B4[l(B[b(B6B2)])]B6H)]H2H)]H4)])]
274,3.417325273595887,C[l(B6[b(B2)])f(H4H4B2[l(B6[tb(B)]H)b(BH2)]H2)]
275,3.417182729397065,C[f(B2[r(B2[t(B)b(B2[l(B4H)]B6[b(B6)])])l(B6H4)])]
276,3.4166734252712665,C[f(H6BH4H6B6[b(B4[l(B2)r(B6[t(BH2)]H4)])r(B6B6H4H)])]
277,3.4163191822205556,C[l(B6[r(B2[r(BH4)])l(B6[r(BH6)]B2)]B)f(H6B2[r(B2)])]
278,3.4161747340899904,C[f(B2[r(B6H2H4B2[b(B)])]H6B4H6HH6)]
279,3.415966516799637,C[l(B6[b(B6)t(B[r(B[t(B4[r(B6[t(B6H2)]H4H4)])]H6)]H)]H2)f(H6)]
280,3.415424917957886,C[f(B[l(B6[b(B6[t(B)]H4H4)]H2H2)]H6H6H4H2)]
281,3.415408387746067,C[f(B6[b(B4B6[l(B2[b(B)r(B2H)])t(B2[r(B2)])]H4)]H6H)]
282,3.4151967932569045,C[l(B6[t(B)b(B2[l(B6[t(B)l(B2)]H4H4H6H)])])f(H4B4[t(B6)])]
283,3.415081081996952,C[r(B[l(B2B6[l(B6H2)])t(BH4H4B)])f(H2H4)]
284,3.4150161086212982,C[r(B6[t(B[r(BH4B2[b(B6[l(B)b(B2[b(B2)])])])]H)]H6)f(H6H4)]
285,3.414774732357957,C[f(H4B[b(B6[l(B6[t(B[b(B6)])]H4BH6H6H6)])]H4)]
286,3.4147275384353124,C[f(H2B[t(B6[t(B2)]H4H2)]B6[l(B6[b(B2)]HH)t(BH6)]H)]
287,3.4144288957829705,C[f(B4H4)l(B[l(B[l(B[b(B6[b(B2)]B)]H2)]H4H)])]
288,3.414331283810542,C[l(B2B6[b(B2[l(B6[t(B)]HH2)]H4H)]B6)]
289,3.4141482107246026,C[r(B6[b(B[l(B6[t(B6[b(B2)l(B6)]B2)])])r(B[t(BH4)])]H4)f(H2H6)]
290,3.4139039147979875,C[l(B6[r(B4B2[b(B2)]B[r(B[t(B[b(B2H6H2)])]H6)])])f(H6H2)]
291,3.4132944318146823,C[f(H4BH4B2[l(B4H6H4H2H2H2)b(B6BH)]B6H4)]
292,3.412894725795826,C[f(B2)l(B6[b(B2[b(B2)])l(B[b(BH4B[r(B6)])l(BH4H6)])])]
293,3.4128883484379395,C[f(BH6B[t(B2[b(B2)r(B2[l(B4)b(B[l(B2)])])]H2)]B6H4)]
294,3.412399455960677,C[f(B4[r(B6[b(B2[t(B2[t(B4H)r(B4[r(B6H6)])]H2)]HH4)])]H4)]
295,3.41236042956393,C[r(B[t(B[l(B6[r(B6[l(B2)r(B[b(B4)]H4)])]H6HH4)])])f(H6H2)]
296,3.412176145428115,C[f(H6H4B[t(B2[l(B6[b(B6B2B6H2H6H)]BH2)]H2)])]
297,3.412162382558429,C[l(B6[b(B2[t(B[l(BB)]H6B2[t(B6)]H2)]H4H)]H6)f(H6H4)]
298,3.411127575483224,C[f(H6H4B[t(B6[rt(B)b(B6B4H2)]H4H)]B4BH4)]
299,3.4107382242566624,C[r(B[r(B2[r(B2[r(B2)b(B[r(B6[t(B6)]B[l(B6H4)]BH4)])])])]H6)f(H4)]
300,3.41056092574319,C[f(B4[r(B2[r(B2)])l(B6[l(B6[t(B6H)b(B6[l(B2[b(B)])]H4H6)]H)])])]
301,3.4096497126531684,C[l(B6[b(B)l(B2[r(B2[b(B2)])])t(B6[b(B)])]H4H6H6)f(H4)]
302,3.409553080553105,C[l(B6[l(B)b(B2)]B2[l(B4[r(BHB[l(B)]B6H4)])])f(H2)]
303,3.408902831127646,C[f(HB4[t(B4[t(B[r(B[r(B2)]H4H6)]H2)]H6B4)r(B6[t(BH)]H4)])]
304,3.4083370241110647,C[r(B4[b(B6[b(B2[r(B2H6)])t(B6[t(BHH)]H2)]H4)])f(B6H4)]
305,3.4082108720533606,C[l(B[b(B6B[t(B[l(B6)b(B6[b(B2)]H6)])]H)]H4H2)f(H2)]
306,3.4080911944823864,C[r(B4[r(B6[b(B2[t(B2B4H2)l(B6[t(BB4)]H4)])])]H2)f(H4)]
307,3.4080886322689294,C[f(B4[l(B2[b(B6[l(B4H6)])]B2[b(B2)l(B4)r(B[t(B2)])])]BH4)]
308,3.4078848554717895,C[f(H6BH4B2[b(B[t(B6[l(B)b(B6[l(B2[r(BH4)])])]H2)]BB2)])]
309,3.4077941463937824,C[l(B[t(B6B6[b(B2[r(B6[t(B)])])]BH4)]H2H2H)f(H4H4)]
310,3.407072831834701,C[l(B6[b(B2H4B2H4H)]B[t(B)]HH2)f(H6H4)]
311,3.4067125906146476,C[l(B6[t(B)b(B2[b(B2[l(B4B)])l(B6H4H4)])]BH6H2)f(H4)]
312,3.4066405753974562,C[l(B6B2[r(B[l(B)r(B6[b(B2H4B[t(B6)])])t(BH4)])])f(H6)]
313,3.406147927638817,C[f(B[r(B6[b(B6[r(B6[l(B2)])t(B[l(B6)r(BH)])]H4)]H2)]H6)]
314,3.4061130506202217,C[r(B6[r(BH6B2[l(B6[r(B6[b(B6[b(B4)])])]B6H4H)])])f(H4)]
315,3.406008340893929,C[l(B6[b(B4[b(BH2H)]B6[t(B)]H6)]B2)f(H2)]
316,3.4051437753127782,C[f(B4[r(B2[r(B2B6[b(B6[r(B2)])]H)t(B[t(BB6H4)])])])]
317,3.4045094574634733,C[l(B6[t(BH)]B6[r(B6[b(B2[b(B2[r(B6H6)])])]H4H4)])f(H6)]
318,3.4042232884033448,C[f(H6B[t(B6[b(B2[l(B2)])l(B6H4)]B[r(B2H2)]B6)]H6HH)]
319,3.403925999138746,C[r(B4[l(B6)b(B[l(B6[t(B[b(B6)]H4)]H4HH6)]B2)]H6)f(H2)]
320,3.4037169618775023,C[r(B6[t(B2[l(B6H6B2H6H2H)])]H4H4)f(H2)]
321,3.403499172694488,C[f(B2[r(B2B4[r(B6[t(B)]H4H4)l(B6[t(B[t(B)l(B6BH6)])])]H)])]
322,3.4025985986622462,C[r(B[t(B[t(B)]H4H)]B[l(B6[b(B2[b(B2)])]B4B4)]H6H4H4)f(H4)]
323,3.402542310035721,C[l(B6H4B[b(B6[b(B2)l(B6[r(B)t(B6H4)])])]H2H)f(H6)]
324,3.402463346672516,C[r(B[r(BH6H)]B[r(B6[b(B2[l(B6[l(B2H2H6)]H4)])])])f(H6)]
325,3.402233967444094,C[f(B[t(B4B6[l(B2)r(B6)]H4)r(B6H4H6)]B[b(B[b(B6)])])]
326,3.4022019989450882,C[l(B6[l(B[b(B2)t(B2[r(B[r(BH4H2)]HH)])])]H4)f(H2)]
327,3.402192723607143,C[l(B4[b(BB[b(B4B6H2)]HB[b(B6[b(B2)])]H4)]H2H4)f(H6H4)]
328,3.4018155105922387,C[f(HH4B6[b(B2HB[l(B4)])r(B2[r(B6)]H)]BH)]
329,3.4015657383448756,C[f(H4H2B[t(B6[r(B2[l(B)])]H4B6H2)]B6H4H4H4)]
330,3.401384986648134,C[l(B[r(B2)]H4B[l(B[r(B6)]H6H4)]B6H6)f(H2H6)]
331,3.401182216229196,C[l(B6[t(B)b(B2H4B2H6H4)r(B2[t(B6)])l(B6B6)])]
332,3.4011705450169805,C[r(B[l(B6[t(B2)])r(B[t(BH6H)])])f(H4H4H4H4)]
333,3.4008486466317014,C[f(B2[b(BH6BB6[r(B6[b(B6H4HH4)]H2)]B2[b(B4)])]H6)]
334,3.4008157381837814,C[f(B6[b(B[b(B[r(B[r(B4[l(B2)])]H4)]B6B6H6)]H2H6H4)])]
335,3.400633742284108,C[f(B2[r(B2[l(B)])l(B[l(B4H)b(B6B)]B4B6H4)])]
336,3.4004028361728995,C[r(B[b(BH2)t(B[l(B2[b(B6)]H4)]HB)]H6)f(H6H4HH4)]
337,3.4003025510622207,C[f(B[t(B[t(B6[t(B2)]H4HBH2H)])]H6H)]
338,3.400267398218042,C[f(H4H4B6[b(B[b(BB6)])l(B[r(BH4H2)])]B6[b(B)]H4H4H2)]
339,3.3997480362734693,C[l(B6[l(B6[t(B2[l(B6[lt(B2)])])l(BH6)])]B4)f(H4H4HH)]
340,3.399278732624545,C[r(B[r(B4H4B[r(B)])t(BH4H6)]B6[l(B6[b(B2)]H6)])f(H2)]
341,3.399167693284169,C[f(B4[r(B2[l(B6[l(B2)]HH6)]HB2[b(B2)])t(B6H6H4)])]
342,3.398985762240639,C[r(BB6[l(B6[b(B2H4)]B2)r(B[l(B[l(B2H4)])]H6)]H2)f(H6)]
343,3.3985750193124873,C[l(B6[l(B6[b(B4HH)]B[t(B6)]H)]BH4)f(H4H2)]
344,3.3985697881407946,C[f(H6H2HB[t(B2B2H2)l(B4)b(BB6)]H4HH6)]
345,3.3985632564164354,C[r(B[r(B4[t(B6[l(B2[r(B2)])]H4BB[l(B6)])]H4)]H)f(H4)]
346,3.3983369405645494,C[f(H6B[r(B2[b(B2[r(B6[r(B)]H4)])])]H6B2[r(B)b(B6B6H6)])]
347,3.397285048646432,C[r(B4[t(B)r(B4B4[l(B)])l(B6B[l(B[b(B6H2)]H2)]B6)]H6)f(H4H4)]
348,3.397140663816038,C[r(B[l(B2[b(B2)l(B2B6[b(B6)]B[t(B6[t(B2)]H4H)])])r(BH4)])f(H6)]
349,3.3970839380282927,C[r(B[r(B4[l(B2[l(B6[b(BB4)]H2)])b(B[t(B[r(B4H6)]H)]H2H4)])])f(H4)]
350,3.3968211810083755,C[r(B4[r(B[t(B6[b(B2[r(B2)])l(B6H4H)]B[b(B)]B4)]H4)])]
351,3.3968066392145184,C[l(B6[l(B)b(B2[r(B2H4)l(B[t(B2)]H4)]H)]BB6H2)f(H6)]
352,3.396728175298997,C[r(B6[t(B2[l(B4B6H)t(B[l(B[b(B4)]B)]H6)]H6)]H4)f(H4H4)]
353,3.396444313693878,C[l(B[r(B[l(B[b(B6)l(B[r(B2[l(B2[b(B2[r(B6H4)])])])])])]H)])f(H4)]
354,3.396066503518762,C[r(B[t(B6H4)]B6[l(B6[b(B2)]BBH4B2[l(B6)]H4)]H2)f(H6)]
355,3.3960648978309083,C[l(BB4[b(B2[l(B)])t(B6[b(B2HB)]B6[l(B2[r(B6H4)])])]H6H)f(H6)]
356,3.395360463116732,C[l(B6[l(B6[b(B2)]H6H4H6)t(B[t(B)r(BH6H)])]BB2)f(H6)]
357,3.3951237131519,C[f(B2[l(B4[l(B[t(B2B6HH2)]H4B)]H6H4)]H4)]
358,3.3942721572166943,C[l(B6[l(B)]B[r(B2[b(B2[r(BH4B)])])l(BH4H6H4)])f(H6)]
359,3.3928013029209163,C[l(B6[r(B2[r(B6H4B)]H4H)t(B[l(B4H4)]H)]H2)f(H6)]
360,3.3927707559251297,C[f(B4[r(B2[t(B[t(B[b(BH4H4)])]H4H4B6[t(B)l(B6H)])]H2)])]
361,3.3922309521995064,C[l(B6[b(B2[r(B4H4)])l(B6[b(B[l(B2)])]B6)]B6H4H6)f(H2)]
362,3.3921553924170715,C[l(B2B6[b(B2[b(B2[t(B)r(B6H4)])])])r(B4[b(B2[r(B)l(B6)])r(BH4)])f(H6)]
363,3.3920786988026146,C[f(HB2[t(B4[r(B2[l(B6[t(B[r(BH)])]H2H4)])]B)r(B6H4)])]
364,3.391817504842697,C[l(B[r(B2[r(B2)])b(B6[b(BH)])]B[r(B[t(B)])]H)f(H4H2)]
365,3.391617528797705,C[l(B4B6[b(B2H6H2)r(B[r(BH4B)]H)])f(H6H4B6)]
366,3.391278521517839,C[f(B2[b(B2[r(B6[t(B)r(B6BB6)]H4H)])]H4H6H4)]
367,3.3908982738810822,C[r(B6[l(B2[r(B2[l(B2H)])])]H4H4B[r(B4)]B6[b(B2[r(B4)b(B6)])])f(H4)]
368,3.390669692161781,C[f(B6[l(B6[l(B2[r(B6[b(B2)l(B6)t(BHH2)]H)])]H4H)])]
369,3.390105765177009,C[l(B[l(B[b(B6[l(B6)]B6[l(B2[r(B2[r(B2)])])b(B4)])])]H2)f(H6H4)]
370,3.389968398049361,C[l(B6[b(B2)t(B6B6[t(BH)])]B6H4H4H6)f(H2H4)]
371,3.389927295000196,C[r(B6[l(B2[b(B2[l(B6)r(B6[t(B)]H4H6)])l(B6[l(B6)])])])f(H)]
372,3.38978029404307,C[l(B6[b(B2B)r(B2[r(B2[t(B4)]H4)])]B[b(B6H4)])r(BH6)]
373,3.3897068266820014,C[r(B6[r(B[t(B[r(B2)l(B[b(B6B6)]H2)]H4)]H4)])f(H6H4)]
374,3.389387733846999,C[f(B2[t(B2[b(B6)]H2H6)r(BH4H6)])l(B6BH4B)]
375,3.38885652869594,C[f(H6B[l(B2[l(B6[l(B2[r(B2)l(B6[t(B)])])]H4H4HH6)])])]
376,3.3887562235376096,C[l(B6[r(B2[r(B6H4)])b(B4[b(B2)])t(B6H)])f(H4B[b(B2)]H4)]
377,3.3883904470060764,C[f(B2[r(B2[r(B[l(B6[t(B)r(B6B2)]H)])])]H6H4)r(B4BH6)]
378,3.388368102856292,C[r(B6[r(B6[b(B2[b(B2)l(B6)])]B)t(B[r(B6)])]H2H)f(H6)]
379,3.387770364962631,C[r(B6[t(B6[b(B2[lb(B2)])l(BH)]H6)r(BH4B2[l(B6)])])f(H6)]
380,3.3876431923706534,C[l(B2[b(B[l(B6[b(BH4H2)t(B[t(BH4)])]H2H)])]H6)f(H6)]
381,3.387600977050072,C[f(B2[r(B2[l(B6[t(B)])])t(B6)]H6H4H)l(B6BH4H4H6)]
382,3.3870374325406574,C[r(B6[l(B2[l(B[l(BB[r(B6)]H6)])]H4)]H4H4H2)f(H6)]
383,3.3867991171009377,C[f(B6[l(B2[r(B2H4B[t(B)b(B6BH6)])])]H4)]
384,3.3862511016547217,C[f(B2[r(B2[l(B2)t(BHBH6)]H)t(B4[l(B6)t(BH2H4H4)])])]
385,3.385266919981391,C[l(B[t(B[l(B2[r(B6BB6H)]B4[l(B2)])]H2)]H4)f(H6)]
386,3.3851480341805127,C[f(H6B6[l(B2[l(B2[r(B4[l(B6H)])])t(B6[l(B6[l(B[r(B6)])]B6)])])]H4)]
387,3.3851124122339264,C[r(B2[b(B[l(B6)b(B6[b(B2[b(B2[r(BH)])])]BH6)])])f(H4)]
388,3.384636500689992,C[r(B6[r(BH6B2[r(B)l(B2)b(B6B2)]B6H4HH2)])f(H4)]
389,3.3844654240085843,C[f(B2[r(B2[l(B2[l(B6)]B6H4)]H6)b(B[l(B6)]H4H)])]
390,3.383519698881273,C[f(B6[b(B)l(B6[b(B2[t(B[b(B2H4)])]H4H6H6H2H6)]B6H)])]
391,3.383234107152802,C[f(B2[l(B4[r(B4[r(B6H4)]H)b(BH2)])r(B6)]H6)l(B6B)]
392,3.3828599870754443,C[f(B4[l(B6[b(B6[r(B2)]HH2)t(BB4[l(B)])])t(BH)r(BH2)])]
393,3.3826007520074435,C[r(BH4B2[r(B2[b(B2[r(B6H4HB)])])l(BH6)])f(H6)]
394,3.382222817859042,C[r(B[b(B2[b(B6[l(B2H4)b(B2[t(B[t(B4)]H2)])]B2)])])f(H4H4H6)]
395,3.382215040332841,C[l(B6[l(B6B[r(B4H4H4)]H4)]B[r(B2[l(B6H4)]H4H6)])f(H4)]
396,3.38193097293028,C[f(B2[r(B6)])l(B[r(B2[l(B6[b(B)])]B6HH4)]H2)]
397,3.38168178574254,C[f(B2[r(B[l(B6[b(B4[b(B)]HH6)]H4H6H6)])]H6)]
398,3.3811394881571046,C[r(B4[b(B6[b(B4[b(B[r(B2[b(B2H4)])])t(B[t(B6)]H2)])]B)])f(H4)]
399,3.381035507423995,C[l(B6[b(B6H2H2)]BH2)f(H4H4)]
400,3.3807345996453497,C[r(B[r(B4)t(BB6[r(BH2H4H)]B6H6)]H6B2)f(H4H4)]
401,3.3806220444024753,C[l(B[r(B2[t(B4H)l(B6B[t(B[b(B6)]H2)]H)]H4)]H)f(H4)]
402,3.380524978091289,C[l(B6[l(B4)t(B4B2)b(B6B2)]B2H2)f(H4H4H4H6)]
403,3.380311778594023,C[f(H4B2[l(B4B4B[b(B6B2H)])r(B6H4HH6)])]
404,3.3799499756720808,C[l(B6[b(B2[b(B2[l(B)r(BH4)])])t(B6[b(B)t(B[r(B)])])]H4H4H4)f(H4)]
405,3.37944456793696,C[r(B[t(B6[b(B2H4B)]B[t(B[t(B)]H4H4)])]H)f(H2)]
406,3.3792634292358477,C[l(B[t(B2[r(B2[r(B2H)])]B4[t(B4[b(B)]B6[t(B)])])])f(H6H4H)]
407,3.379228706733448,C[l(B[l(B6[t(B[b(B6[b(B2)]B[r(B6H)])]H2H)]H4)])f(H4)]
408,3.3791635679448033,C[l(B6[t(B[t(B6H2)])]B2[r(B2[l(B[t(B2[l(B)])]HB6H4)]H4)])f(H6)]
409,3.37911514295659,C[f(H6H4B[r(B[t(B2[r(B2)]H4)]H4B[b(B6[l(B6)]B2)])]H2)]
410,3.378142325549363,C[l(B6[t(B6)]HB[b(B[l(B2[r(B2)]H6H6)])])f(H4H4)]
411,3.377051070031837,C[f(H6H4B6[l(B)b(B2H4H6H2)]H)]
412,3.3761109274202745,C[l(B6[l(B6[l(B2[r(B6[b(B)])])]H2)]H4HH6)f(H6)]
413,3.3751749632707964,C[l(B6[b(B2H4)t(B6[r(B2H4)]B4H6H2)]H)f(H6)]
414,3.3751300135975986,C[l(B[t(BH6H4H2)]H4B[r(B6B[t(B)])])f(H2H4H4)]
415,3.3749609954333954,C[f(BB[r(BH)b(B[l(B2[r(B2B6)]H6)r(B6H4H4H6)]H6)])]
416,3.3735930156379066,C[f(B[l(B[b(B6[b(B2[r(B2)]H6H4)l(B6H2)])]B[r(B)]HH4)]H6)]
417,3.373526491815959,C[f(H4H4B[t(B)r(BH4B2[b(B6[b(B2H)]H)]H2H6)])]
418,3.3732882204618813,C[l(B6[r(B2[b(B)])b(B6[l(B[b(BH4)])]H6)]H2)f(H6)]
419,3.3730841203163986,C[f(B2[l(B2[r(B2[r(B)]H6)])t(B6)r(B6[r(B6[b(B)]B6)t(BH4)])])]
420,3.3730718140318645,C[f(B6[l(B6B6[l(B2[r(B2[r(B4[t(B)]H)]H4)]H4B6[l(B)]H4)])])]
421,3.37217904825901,C[r(B[t(B[l(B2HH4H6H2)r(B6B2)]H4B2[l(B6)])])f(H4H)]
422,3.371725475715185,C[f(B2[r(B2[b(B[r(B6B[l(B)]H4H)]H4)])l(B4[l(B6)])])]
423,3.3716762821936177,C[f(H4B4[l(B[l(B4B6[b(B2)]H)]B6[b(B6[l(B2)])]H4)])]
424,3.371135081795045,C[f(H4H4BB[l(B6[b(B6[t(B)])])b(BBH4B2HH2)])]
425,3.3711123152645954,C[f(B[l(B[b(B6)]B[l(B2B6H6H6)r(BH2)]H)]H4)]
426,3.3711028462512127,C[f(B2[l(B2H2H2H)]H4B[b(B[r(B6B)]H4)])]
427,3.3709779387801815,C[l(B6[b(B2[b(B2[t(B6[t(BHH4)]B2)])]B2)]H4H4)f(H6)]
428,3.3702630036890273,C[f(H4H4B6[b(B2[r(B2[l(B2[l(B4)])])])]B6[b(B4[l(B)])t(BB[r(B)])])]
429,3.368949571340753,C[r(B6B6[b(B[r(B2[l(B6[r(B6H)]H4)]H4H6)])])f(H2H4)]
430,3.367909025925334,C[l(B6[b(B2[l(B)r(B2)])t(BH)]B2[l(B4)])f(H6H4)]
431,3.367741093092537,C[l(B2[r(BH)]B6[b(B2[r(B2[l(B)b(B[b(B)])]H4)])]B6H6)f(H4H4)]
432,3.3677315702020207,C[l(B6[r(B2[t(B6B)])]B6[b(B2H6)]H2)f(H2H)]
433,3.367696027618341,C[l(B6[l(B2[r(B2[l(B2)])t(B6[r(B6[r(BH)])]B2H)])]B)f(H4H4)]
434,3.3676496168418995,C[f(B2[r(B2[l(B2)])]B[t(B[l(B6[t(B[r(BH4)])])])]H4)r(B4[t(B6H)])]
435,3.3674581528009693,C[l(B6[l(B)b(B6[b(B[l(BH2)])])]BH6)r(B6[l(B2)]H4H4)f(H6)]
436,3.367087216301371,C[f(B4)l(B6[b(B2)l(B[tb(B)l(B6H4H6)]H4)]B2H2)]
437,3.366947004870317,C[l(B[r(B2B6[b(B2[t(B4H4)l(B[t(B)]H)])]B6H6H2)]H2)f(H4)]
438,3.3669136927331325,C[l(B[r(B2[b(B2)t(B6)l(B6B6H)]H4B6)]B)f(H6H4)]
439,3.3667499827315908,C[l(B6[b(B2[b(B2[r(BH4H4B)])]H4)]B)f(H6)]
440,3.3666654769425133,C[l(B6[b(B2[l(B)b(B2[l(B4)])])l(B6[t(B[r(B6)])]H4H)]B2)]
441,3.36607801060934,C[l(B6[b(B2[b(B2)l(B2H6)r(B4H)])t(B4)]BH4H)r(BH4B6)]
442,3.3660662459178914,C[f(B2[t(B)r(B2H4)b(BB2[r(B6)b(B[b(BH4)])])]H2)]
443,3.365735936520771,C[r(B6[r(B[l(B4B6[t(B)l(B2[r(B2)])]H6)]H6)]H)f(H4H4H4)]
444,3.3657128000898577,C[f(B2[l(B6[b(BH4)])])l(B6[b(B)]H4H4H6H6H2)]
445,3.365442067088307,C[r(B6[b(B[l(B6[l(B)])]B6B6[l(B2[r(B2)])]H4H)])f(H6H4)]
446,3.3652371394153207,C[f(B2[r(B2)t(B6[b(B2B6H6)])l(B[b(B6H)])]H4)]
447,3.3651853127248454,C[l(B6[b(BB4B6[t(B2)]H4HH2)]HH6H2)f(H6)]
448,3.3642542254473287,C[l(B6[b(B2)]B[t(B6[t(B2)]H4H)r(BH4H6H6H2)]B6)f(H6)]
449,3.364148023601232,C[l(B[t(B[l(B6[r(B6[b(B2)]HH4)t(B[t(B6)])]H4)])]H6)f(H4)]
450,3.364009944581686,C[l(B6B6[r(B2)b(B6[b(B2)t(B[t(B6)r(BH4)]HH6H2)])]H6)f(H4H4)]
451,3.3636089659064754,C[r(B6[r(B6B2H6)l(B6[r(B4[r(B2)b(B2H6)]H)])]H2)f(H6)]
452,3.3635425669424404,C[f(B2[r(B2[r(B2)])l(B6H4H4)])l(B6[r(B6B6H6)t(B[r(BH4H)])]B)]
453,3.3626002735189013,C[l(BB[t(BB[t(B2)l(BH2H6)]H4H6)]H6)f(H6)]
454,3.3624880014487304,C[f(H6B2[r(B2[t(B[r(B2)l(B6B6)])]H4H4H6H)])]
455,3.362394833464972,C[l(B[b(B6[b(B)l(B2[r(B2[t(B)])]H6)])l(BH4)]H4H)]
456,3.362180578825969,C[f(H2B[r(BH4H6)t(B[r(B6[b(B2H4B)]H)]H4H6)])]
457,3.361934462583198,C[f(H4H4B[l(B6[b(B2[r(B)b(B6[b(B2[b(B2[r(B6)])])]B2)])])]H4H)]
458,3.361773107824151,C[f(B6[r(B6[b(B2[b(B6)])]B[r(BH4H6)]B[l(B[l(B6H4H6)]H4)]H2)])]
459,3.3603702174099217,C[l(B4[r(B6[l(B)])t(B[t(B6[t(B[b(B6H2BH)]H2)]H4)])]H6)f(H4)]
460,3.3603276380435565,C[l(B2)f(B2[r(B2[t(B[l(B4[b(B)]H4)r(B6H2)])]H)]H4)]
461,3.358765593269415,C[f(B2[r(B2)l(B4[l(B[t(B6B2[l(B2)])])]B6[b(BH6)]H6H4)]H4)]
462,3.358628248741986,C[r(B6[b(B[l(B2[r(B2)]B4[t(B[t(B6B4)])]H)b(B6)])])f(H4H4)]
463,3.3582484867834266,C[l(B2[l(B[b(B[l(B6)r(B6[b(B6HH)]B6[l(B2[r(B6)])]H4)])])])f(H4)]
464,3.3581884853632546,C[r(B6)l(B6[l(B2)b(B4)])f(HBB6[t(B2)r(B2H2H)]H4H)]
465,3.3578328739581567,C[f(B2)l(B6[l(B2)t(B4[b(B[r(B[r(B2H)])]H2)])b(B6H4H4)]B6[l(B4)]H2)]
466,3.3573286339752704,C[l(B[b(B6[b(B2)]B[r(BH6)]H6)]H2)r(B[l(BH4H4)])f(H6)]
467,3.3573043177073396,C[f(B2[r(B2[l(B2H4)]H)l(B6B2)]H)l(BH4H6)]
468,3.3572013064924153,C[l(B6[b(B2H4B)r(B2[t(B6)r(B6[b(B2)l(B4H)]H6H4)])])]
469,3.3564779952162054,C[r(B6[l(B2[r(B2[t(BH)])])t(B[l(B6B6H)]H4)]H4)f(H6)]
470,3.3559334230327353,C[l(B[l(B2[b(B4[t(B6)r(B6[t(B[r(B6HH4)])]H)])])])f(H4)]
471,3.35590037659688,C[l(B6[b(B2[b(B2)])t(BB2H4)l(B[l(B6HH4)])]B4H4)f(H4)]
472,3.3557663976313528,C[f(B2)r(B6[b(B)r(B6)t(B[t(B2H2)]H)])l(B6[b(B6)]H4H6)]
473,3.355178707188281,C[f(B2)r(B4[r(BH4H2)l(B[l(B6[t(B2)]H4)])])l(B6B2)]
474,3.35510703027828,C[f(B6[t(B2H2)r(B6[b(B2[l(B2)]H4H4H)]B[l(B)])]H4)]
475,3.354823730597554,C[f(B2[r(B6[t(B[b(B2[r(B6[r(B4)])l(BH4H2H)])])]H4)])]
476,3.3548022571977265,C[l(B6[l(B2[r(B2[r(B2[l(B4)r(B6)])])])t(B[b(B)]H6H4)]B)f(H4)]
477,3.354062599688371,C[f(B6[l(B6[l(B4)]H4)]B[r(B2[l(B)t(BH6)]H4HH)])]
478,3.3536865087351115,C[r(B6[t(B)l(B2[r(B2)])r(B4[t(B6[t(BH)]B6B4)])]H4)f(H4H4H4)]
479,3.352726477796314,C[l(B4[r(B2[b(B2)])l(B4[l(B)])]B4[t(B4[b(B[r(B)]B2H4H4)]B6)])f(H6)]
480,3.352069448301119,C[f(B2[r(B6[t(B[b(B6B[t(B[t(BH4H2)])]H)])]H4)]H6)]
481,3.35186705721199,C[f(B2[l(B6[b(B2H2H2)l(B6[b(B6H4H4)]B[r(BH6)]HH4)])])]
482,3.3516363299121594,C[f(B2[r(B2[l(B6[l(B4B6[r(B6H4H4)])])t(BH4H2H4)])])]
483,3.351544980570916,C[r(B[l(B2[r(B2)]HH6)r(BBH4)t(B[b(B6)]H4)])f(H4H4)]
484,3.351424064978073,C[f(H6H4BH4B[b(B6[b(B2H6)r(B2[t(B)])]H6)])]
485,3.3506656017812855,C[r(B4[b(B2B2H4)r(B[t(B4B6[b(B2[b(B2)l(B4)])]H)])])f(H6)]
486,3.350367680949435,C[r(B[t(B6H4H2)]B4[r(B2)l(B4[b(B4)l(B4[l(B)]H4)t(B6)])]H4H)f(H2)]
487,3.3502522335387734,C[f(B2[t(B)b(B2[r(B6[r(B6B2)]H4)b(BH)])]H4)]
488,3.3499885492393924,C[f(H4B[b(B6[b(BB6[r(B6[l(B2H4)t(BH)]H)])]H2)]H6H)]
489,3.3499864400382924,C[r(B6[r(B4[l(B4[l(B6[l(B4[r(B2[b(B2[l(B6[t(B2)]H4)])])])]H6)]H)])])f(H4)]
490,3.3493713089051695,C[f(BB6[l(B2[r(B2[r(B2[l(B6H)])])])b(B4)]BH6H4)]
491,3.3492015143875498,C[f(B2[t(B)r(B2[r(B4[l(BH6H6H)]B6[r(B6)]H4)]H4B)])]
492,3.3490010274012603,C[l(B6[b(B2[b(B2)r(B4)l(B6H4)])]B[r(BH4H4H4H6)]B[b(B)])f(H4)]
493,3.3487859967947786,C[f(H4B4HB[b(B6[r(B6[b(B6[t(BH)]HH2)]B)]H4)]H2)]
494,3.348155657388839,C[f(H6H4B[b(B6[b(B2[l(B2[b(B6[l(B[t(B)])])]H2)]H4)r(B6)]H6)])]
495,3.3480854466148804,C[l(B[t(B2[b(B2)]H4H6)b(B[t(B[t(B2[b(B6[t(B)]H4)])])])]H6)f(H6)]
496,3.3471183964485514,C[l(B6[b(B2[r(B6)])l(B6H4HH)]B[r(BH)])f(H6H2)]
497,3.3471025758101454,C[r(B[t(B2[t(B6[b(B6[r(B)]H4H4)]B6[t(B)])]H4H6)])f(H2)]
498,3.3470747625257258,C[r(B6[t(B[l(B4)b(B6[b(B2[r(B2)]H4)]HH4)])])f(H6H4)]
499,3.3468096199954567,C[r(B6[l(B4[r(B2[r(B2[l(B6)])t(B[l(B)]H4)])])r(B6H)])f(H4H4)]
500,3.3457090238083182,C[r(B6[l(B6[t(BH)])t(B[t(B[l(B2[r(B2)]H4)])]H4B)])f(H6H4)]
501,3.345663892200028,C[l(B6[l(B2[r(B2[l(B)])])b(B6B2)]B4HHH4)f(H6)]
502,3.3455186160439245,C[f(H2B6[b(B2H4B2H4)l(BH4)]H6)]
503,3.3451306554880706,C[l(B6[t(B)b(B6)l(BB2[r(B2)]H)]B[l(B6H6H6)])f(H6H4)]
504,3.3448132979010174,C[f(B2[r(B2)t(B6[b(B)t(B[t(B6H4H2)])]B[b(B6BH4)])]H4)]
505,3.3444158095305636,C[f(B2[t(B6B[l(B)]H4)r(B6[r(B6[t(B4H6)]BH2)]H4H6)])]
506,3.3443103392409617,C[l(B6[b(B[r(B2[l(B6[l(B2)]H4)])b(B6H)]B4)])f(H6)]
507,3.344175785183891,C[r(B6[r(BH4)])f(H6B4[l(B2B6[b(B2[b(B2)l(BH4)])l(B[b(B2)])]H)t(B4)])]
508,3.3440872710430134,C[f(B6[b(B)l(B6[b(BH4B[b(BH2H4)])]BH2H6)])]
509,3.3425756597656626,C[l(B6[b(B2)l(B6B6[b(B)]H)t(B[r(B4H6B[l(B2)]B6H4H4)])])f(H6H2)]
510,3.3414056772990337,C[l(B6[r(B)b(B2)t(BH4)]B2[l(B)]H)f(H2)]
511,3.338840885034707,C[r(B6[l(B6[b(B[t(B[l(B2)]H6)])]H2)t(B[t(B6H4)])]H4)f(H2)]
512,3.3383843196551775,C[l(BB[t(B6[b(B2[l(B[b(B2H2)]H4)])])]H6H)f(H4)]
513,3.338072003272326,C[l(B6[b(B2[b(B2)l(B2[l(B6)r(B6BH4)]H)]H6)]B)f(H6)]
514,3.337491974437348,C[l(B6[r(B2[b(B2)r(B[l(B6[t(B)]H6)])]H4)])f(HB4H4)]
515,3.3373684217499884,C[f(B6B[r(B2[t(B4HHH)])b(B6H2H6)]H2)]
516,3.337270742398819,C[l(B6[b(B2H2)t(B[t(B6)r(B[t(B[b(B2)]B2[l(B4HHH4)])]H6)])])f(H6)]
517,3.3368553411673005,C[l(B6[b(B[b(B6)r(B[r(BH6)]HH4)]B[l(B2[r(B2)])]H4)])f(H6)]
518,3.3366640816272986,C[r(B6[l(B6[l(B[t(B6[t(B2)l(B2H6)])]H)]B[t(B2)]H4)]H6H4)f(H2)]
519,3.3362414428693836,C[f(HB4[l(B6)t(B[b(B[r(B2)]B6H4H4H4H2)]H6H6)])]
520,3.3356419019755457,C[l(B6[l(B2H)]B[l(BB6H4)]H4BH)f(H2)]
521,3.3355779705948985,C[f(B2[b(B[r(B6[t(B)]B6[l(BHH4HH)])])])]
522,3.334783477242294,C[l(B6[t(B)b(B6[r(B)]B)]B4B6[l(B2[r(B2H4H)]H4)])f(H4)]
523,3.334366092309156,C[f(H4B2[l(B2[b(B2)r(B6[b(B2[r(B[r(B)b(B6H)])])]H6H4)])])]
524,3.3341802607430857,C[l(B6[b(B6B[l(B)]H4H4)l(BH6)]B2[l(B2[t(BH6H6)])])f(H2)]
525,3.3340613535255965,C[l(B6[b(B)r(B6[b(B2[b(B2)l(B2H4)t(BH4H)])]B6H6)])f(H6)]
526,3.334056542363382,C[l(B2[b(B2)t(B6B[t(B)])]BH4H2H2)f(H4H)]
527,3.3338307874764803,C[f(B4[b(B)l(B6[l(B)b(B6[l(B2[r(B2)]H4)]H4H4)]H6)]H)]
528,3.333826216478217,C[f(H6B[t(B2[r(B4H2)b(B6[b(B2H6H4)])])]H4H)]
529,3.33359415966446,C[f(B6[r(B2H)l(B6B)b(BH6HH2)]B6[t(B2)]H4)]
530,3.333298893954501,C[l(B6[b(B2[r(B2HH2)])]BH4B[r(BH4HH4H6)])f(H2)]
531,3.332099527434882,C[r(B[r(BB4[l(B6[b(B2H2)l(B6H4)])]H6H4H)])f(H6H2)]
532,3.332076966708401,C[l(B6[b(B2[t(BH)]H4B2)l(BH4)])f(H2H)]
533,3.3305429684608807,C[r(B6[t(B[r(B[t(B6)]HB[b(B6[b(B2)]H2H6)])]HH6)])f(H2)]
534,3.3303809608547614,C[f(H6H4B[b(B6[b(B2[l(B6)]HH4B4[r(B4)b(BH2)])])]BH)]
535,3.329981371962094,C[l(B6[b(B6)l(B6[t(B2[r(B2H4BH2H6)])]H4)])f(H4H4)]
536,3.329551056986473,C[f(H4H4B[t(B[t(B)r(B6[b(B2[b(B2)])]B2[t(B)l(B6)]H4)])]H6)]
537,3.3290243602115273,C[r(B6[b(B[l(B6)r(B6[b(B2[b(B2)])]H)]B6B[b(B4H4)]HH4)])]
538,3.328957247949254,C[l(B[l(B2[r(B2[l(B[b(B2[l(B6)])])])])b(B6[b(B2)])]BHH2)f(H6)]
539,3.3283345397295885,C[l(B6[r(B2[r(B2[l(BH4H6)]H4)]H4)b(B6BH4)]BB6)]
540,3.3272556813329857,C[l(B6[l(B6[t(B)l(B2[r(B2)]H4)r(B6BHH6)]H4)])f(HH4)]
541,3.3253072539621513,C[l(B[l(B)r(B2[r(B2H2)])b(B6[b(B)]B6)]B2)f(H4H)]
542,3.3250505439712725,C[l(B6[b(B2[l(B6H4HH2)])]B2[r(B6H2)])f(H6BH4B)]
543,3.3247063621377757,C[l(B6[b(B2)]B[t(B6H4H6)]B6[b(B)]H4H)f(H2H4)]
544,3.323676497368475,C[l(B6[b(B6[b(B2[t(B)b(B2)r(B2[l(B4)])]H4H2)])]B2H4H6)f(H6)]
545,3.3234491396293286,C[f(B6[t(B4)l(B6[b(B2[l(B)b(B2H6)]H4)l(B[l(B6[l(B)]H4H6)])])])]
546,3.3217929988729082,C[f(H4B4[t(B6)l(B6[r(B)l(B2[r(B2)])t(B[r(B[r(B4HH)])])]H4H)])]
547,3.320858844965957,C[f(H4H4B2[l(B4[r(B4)])b(B6[b(B2[b(B2[r(B)])t(BH2)])]B2)])]
548,3.3189408537503935,C[r(B6[r(B6)]B2[r(B2[b(B2)l(BH4HH)])])f(H6)]
549,3.3188732655777997,C[l(B6[b(B2HH6H)]BH6)r(B6[t(B2H2)])f(HH4)]
550,3.3182968010307805,C[l(B6[b(B4[b(B[r(B2[l(B6H4)])])])]B[r(B4HH6H)]H2)f(H2H)]
551,3.3178822146075713,C[l(B6[l(B)b(B2[b(B2[r(B6H4)])])]B4HB[t(B2)l(B6H2)])]
552,3.317551422065155,C[f(H4H4B[t(B[l(B2[r(B2H6H6)]H4)t(B[l(B6[r(B6)])])])])]
553,3.314848502130033,C[r(B6[r(B2[b(B2[r(B6H4)])r(B6[r(B6H)])])b(B2[t(B2)])])f(H6)]
554,3.313651513745893,C[l(B6[b(B2[r(B)l(B6H4HB)])]HH4)f(H2)]
555,3.3131820513961063,C[f(H2HBH6B4[t(B)r(B6[b(B2H)]B[b(B)l(B6H6)])]H6)]
556,3.312109291734042,C[f(B2[b(B)r(B2[r(B6[t(B)])]H4H6H6)l(B6)t(B[t(B)])])l(B6H4H6)]
557,3.3120826001643278,C[r(B[l(B2)]B6[t(B6H)]H4H)f(H2HH)]
558,3.3113825691069465,C[f(B6[r(B6[l(B6H4H6)]B2[l(B[r(B)]H)]H2H4H4H2)])]
559,3.3108775574195812,C[f(H4H4B[t(B)]B6[r(B)l(B6[b(B2[t(B)b(B2)]H4B2)]H6)]B4)]
560,3.3090067946749055,C[l(B2[b(B2)l(B6)]B[l(BH4BHHH6)]H6H4)f(H6)]
561,3.3085096935002043,C[l(B[l(B6[r(B[t(B[t(B2H4)r(B6)])])]H2H)])f(H6H4)]
562,3.307717963961827,C[r(B6[l(B6[b(B2)])t(B[t(B6[t(B2)r(B6)])r(BH4)])]H2H)f(H6H4)]
563,3.3075412866691325,C[r(B4[r(B6[b(B2[b(B4H2)l(BH)t(BH4B)])]H6)])f(H4)]
564,3.3074958828610335,C[f(H4H4B[r(BH4)t(B[t(B[l(B6[t(B2B6)]H2H6HH2)])])])]
565,3.306333984359933,C[f(B[t(B4)]H4B2[r(B2[b(B2[t(BH4)]H2)l(B6[r(B6)]H4)])])]
566,3.3055662163285886,C[f(B2[t(B)r(B6[t(B[b(B6[b(B2H)])])]H2H6)]H6H6)]
567,3.303887933906096,C[f(B[r(B6[b(BH4)l(B[b(B2)])])]H4B2[l(B2H2H)]H2H)]
568,3.3026975354456596,C[f(B4[b(B6[t(B[r(B6B4)])]H4H6)]H2)l(B6[l(BHH2)]B)]
569,3.302366732411019,C[f(HBHB[b(B6[b(B2B4H2)r(B2[l(B)])])]H4)]
570,3.301647704252606,C[f(H4HB6[r(B6B4H4B[r(B6[b(B2)]B2H2H2)l(B6[t(B6)])])])]
571,3.3010231590834493,C[f(H4H4B[b(B6[b(B2)]H2H4)r(B[r(BH2)]H)]H6BH6)]
572,3.3008832948297426,C[f(H4BHB[l(B4[r(B4)])b(B6[l(B6H4H)b(B6[b(B2)])]BB2)])]
573,3.299542832013052,C[f(H6B[l(B2H4)]B4[b(B6[b(B2H4)r(B2[r(B6[r(B[t(BH6)])])])])])]
574,3.2991532665008374,C[l(B4[l(B6[b(B2[b(B2)])l(B[l(B6[t(B2)]H4)])]B[r(BH4)])]H)f(H6)]
575,3.298908234321662,C[f(H6H4B[r(B[r(B2[r(B6)])]H4B[b(B6[l(B6H6)])]H2)]B)]
576,3.2979239919151007,C[l(B6[b(B[r(B2[b(B2)])]HH4H6)]BH4H)f(H4)]
577,3.2975872385726674,C[f(H6B[b(B6B[l(B)r(B6BHH2H6)]H4)]H4B)]
578,3.2975109071655098,C[r(B4[r(B6H6)t(B[r(B)]H)b(B[r(B6)b(B6[l(B2[r(B2)])])])])f(H6)]
579,3.2959229106508143,C[l(B[t(B[t(B)r(B6[b(B2H4H4H4)])]H6H4)]H)f(H2)]
580,3.2959114729478047,C[f(B2[r(B2[r(B6[b(B)])]H2)]H6)l(B6[t(B4)b(B6[r(B)]H2)]B[r(B4H)])]
581,3.292904419204846,C[f(B4[t(B6[b(B2[b(B2)])t(B4[b(B)])l(B6H4)]H)]H4)]
582,3.2905841030857754,C[f(H6BH4B[r(BB4[r(B6[b(B2)r(B2[r(B6H4H6H)])])])])]
583,3.2899813925645414,C[l(B6[b(B[l(B[l(B6H6)]BH4H2)])]B6H4)f(H2H4)]
584,3.2893023859813275,C[l(B6[b(B2[t(BH4B[l(B4)t(B6[t(B2H6)])])])l(B6H4)]B6)f(H2H4)]
585,3.288544346167329,C[l(B6[b(B2)l(B6H4)]B[l(B2BH4H)]H6H)f(H2)]
586,3.288492589801497,C[l(B6B6[b(B2[r(B2[r(B2)])]H6)t(B6B[t(B)]H4)]H)f(H6)]
587,3.287865277873573,C[f(H6H4B[b(B2H6)]H6H6B2[l(B6H2)b(B6[b(B2H4)])]H4)]
588,3.2855996687934295,C[l(B6[r(B2[l(BH6)])b(B6B6H2)l(BH)])f(H4H4)]
589,3.285461866433073,C[f(H6H4B6[b(B2[b(B2[b(B2)r(B6)]H6)t(BH)])]B4)]
590,3.282921276973592,C[f(H6BH4B[l(B)b(B6[b(B2[l(B6H4H4)])]H)]H2)]
591,3.281794919694062,C[f(H6H4B6[b(B2[b(B2[r(B6[l(BH4)])])])]B[r(B6H)])]
592,3.2806794345706813,C[f(B2[r(B6[t(B)r(B6[t(B4)]BH2H4)]H4H4)])]
593,3.280276250382795,C[r(B6[l(B6[b(B2[b(B2)l(B2H)]H4)l(B6[t(B)])])])f(H4H4)]
594,3.280151078532013,C[f(B2[r(B2[r(B4[r(B2)]H6H)]H4)l(B4B[t(B)]H4)])]
595,3.2800890647715413,C[f(B2[r(B2)t(B[t(B4H6B[b(B6[l(B6H4H4)])])])]H)]
596,3.2766591147980932,C[f(B2[r(B2[t(B[b(B2[l(B)]H4B2[r(B6)])])])t(BH6H)]H6H4)]
597,3.2763597382001595,C[r(B[r(BH4B[l(B6)b(B6[b(B2)r(B2[r(B)t(B6)])])])])f(H6H4)]
598,3.2730089560538107,C[l(B6[b(B2[l(B6[t(B[r(BH2)])]H4BH4)t(BH4)])])f(H6)]
599,3.271997500244581,C[l(B[l(B2[l(B)r(B2[l(B2[l(B6H4)])])b(BH4B[r(B)])])]H)f(H6)]
600,3.2699658717127305,C[f(H4H4B[b(B[r(B6[l(B2B6[l(B6)])]HH6)])]H2)]
601,3.269197854477887,C[l(B[r(B2B6[l(B[t(B[r(BH2)])]H4)]B4H4H2)]H)f(H4)]
602,3.2685419555834287,C[r(B[b(B2[lt(B6)])r(B[t(B6[b(B2[b(B2)])l(B6H4H)])]H)])]
603,3.265460965382831,C[f(H6BH6B2[r(B2[b(B2)l(B2B6[l(B6H4)]BH)])l(B4)])]
604,3.265275179888725,C[f(H6H4B[l(B2[r(B2[l(B6[r(B6[t(B6H4)])])])]H6H)t(B[t(B4)]H6)])]
605,3.2647095187792896,C[f(B2[r(B2)l(B6B6[t(B2[l(B6H6)])]H4)])r(B[b(B6)r(BH)])]
606,3.258420969230702,C[f(B2[r(B2[r(B4[b(B)r(B6H6H4)t(B[t(BH4)])])t(BH4)])])]
607,3.2581562693433748,C[l(B6[b(B2[b(BH4)])]BH4H4B6B[r(BHH6)])f(H6H4)]
608,3.257282282654282,C[r(B2[r(B2)t(B4B[r(B2H4H)]BH2)]H4)]
609,3.25433952725495,C[l(B6[l(B)b(B6[r(B4B[r(B[r(BH6H)]B4)])])]H4H4)]
610,3.2536798633711914,C[f(H4H4B[t(B6[l(B2[r(B6)]H4)t(B2[t(B2)])])r(BH4)]HH2)]
611,3.24933977932792,C[f(B2[r(B2H)]H4)l(B6[t(B[t(B6[t(B)r(B2H4)])]H6)]H4)]
612,3.245883797902688,C[f(H6B4HB[r(BB6[b(B2)t(B6[l(B6H4)]H)]H4)]H2)]
613,3.245453828159099,C[r(BB6[b(B[t(B2HH2)b(B6HH2)]B6H4)])f(H6)]
614,3.2375034682297468,C[f(H4B[t(B6[b(B2H4HH4H2)]B[b(B2)]B)]H4B6)]
615,3.2373195030656343,C[f(B2[r(B6H4H4)]B6[b(B2H4B2[t(B2)])]B[r(B)]HH2H4)]
616,3.231258815960668,C[l(B[r(B2)l(B6)]B6[t(B4)b(B6[b(B4[l(B)b(B4)]HH)])]H4H)f(H2)]
617,3.231013010338776,C[l(B6[b(B2H4)l(B[t(B6[t(B)r(BH6)]H4)])]B2)f(H4H4)]
618,3.2291220278362367,C[l(B6[b(B6[t(BH)])]B2H4B2B6H4H4)f(H2H)]
619,3.22727834348436,C[l(B6[b(B2[l(B6HH)])]B2H2)f(H6H4H)]
620,3.2245320684007805,C[f(B6[b(B2[b(B2[l(B6H4H6)])])t(B6[b(BH)l(BH4)])])]
621,3.223840036158766,C[f(B4[t(B6B6[r(B2)])b(B6[r(B)t(B[l(B)r(B[r(B4H4H4)])]H2)]H4H4)])]
622,3.2120591463949717,C[f(B4[t(B)l(B6[b(B6[l(B2[r(B)]H4)]H4)]H)]B)]
623,3.2041357810851094,C[f(B2[r(B2[r(B2)t(B6)]H4)t(B[l(B6[t(B)]H4)]H4)]B)]
624,3.2011236925621205,C[f(B2[l(B2[l(B4H)]B6[l(B6H2)])t(BH2)]H4B[r(B)])]
625,3.2006980279152044,C[f(H6B[t(B[b(B6[b(B2)l(B6[t(BH2)]H6)])]B[r(BH4)])]H4)]
626,3.1763943673906154,C[l(B6[b(B2)]BH4B[l(B[r(B[t(BH4H6)])])])f(H2)]
627,3.1691608824619655,C[f(H6H4H4B[l(B4[l(B6BHH2)]B6[l(B2[r(B4H6)])])])]
628,2.9241448674406385,C[r(B[t(BH4HH4H6B2)]B[b(B)])f(H2H6H)]
629,2.899923029522622,C[l(BB6[b(B2)]HH4H4B2B6H)f(H4H2)]
630,2.8876894967065496,C[r(B6H4B6[b(B2H6)]HH6B4)f(H4H2)]
631,2.884219310918116,C[r(B6)f(H4H4B[r(B4[b(B[l(B2[r(B2H4B[l(B)])])])]B4[t(B6)])])]
632,2.877618093300767,C[l(B6[b(B2[t(B4H4)]H4BB)])f(H2H2H)]
633,2.8724629875950876,C[l(BH2)f(H6H4BB6[b(BBB6[t(B6[b(BB)]H2)]H)])]
634,2.869539791919969,C[r(B6[l(B2[r(B4[b(B)r(B6H4H4HBH4H2)])])])f(H6)]
635,2.8644355013269394,C[f(H4H4H6B[l(B6B)]H2H2H6H4B2)]
636,2.8624722954541832,C[l(B2B6)r(B4[r(B[l(B6B[l(B2[r(B2)])])]H6)])f(H6H)]
637,2.8601404883780503,C[l(B6)f(H4H4HB[r(B6[t(B4[t(B6[t(B)])])]HH2)]H)]
638,2.8593956243944687,C[r(B)l(B6[b(B[b(B6[b(B2)])l(BBH4B2)]H2)])f(H4)]
639,2.856421631602524,C[r(B6[l(B2[l(B)r(B2)])r(B6[b(B4)]B)]H4H6)f(H4)]
640,2.850743698907279,C[r(B[t(B[l(B2)]H4B[l(B[r(B6)])]H4)]HH2H6H)f(H4)]
641,2.849646401607643,C[l(BB2[t(BH4B[b(B6[l(B6)]B6H4)])]H6)f(H2)]
642,2.8486574677238243,C[f(H6BHH6H4B[b(B6[l(B2[r(B2)])]H4H4H)])]
643,2.846581683645557,C[r(B6[b(B6[b(B6[b(B2[r(B2[l(B[r(BH4)]H4)]H4)])])])])f(H6H6)]
644,2.8440335268171077,C[f(H4H2B[l(B[lt(B)]B)]H4H2H2B6H2H)]
645,2.8428874957508117,C[l(B6[r(B2)b(B6[r(B4H2)l(B4H4B)])]B2)f(H4H4B[t(B6)]H)]
646,2.842017209886542,C[f(B2)l(BH2HB[b(B[l(B[r(B4)])]B6H4)]H6H4)]
647,2.8414395505275274,C[f(H2H6B[b(B6[l(B2B)]H4)l(BB[l(B6B2[l(B4)])])])]
648,2.835742352123442,C[f(HH6HB[r(B[l(B4[b(BH6)]B6B[r(B2)]H2H)]H)])]
649,2.8338315137790264,C[f(B2[r(B6[r(B6[b(B2[r(B2)]H4B)]B)]H4B)])r(B[l(B)])]
650,2.832358102830754,C[l(B2B6[b(B2[b(B2)])]B6B2[b(B)]B6H6)r(B6[r(B)])f(H6H4)]
651,2.8323139361541703,C[r(B6[b(B[l(B6H4B)]H2)]H6B4H6)f(H2H6)]
652,2.832234301653606,C[f(H4H4B[l(BB6B6[l(B2B6[t(B6)r(B6B4H6)]H2H2H)])])]
653,2.8312748934840224,C[r(BB[b(B6H2)]H4H4B)f(H4H2H4H6)]
654,2.830632946920334,C[l(B4[b(B2[r(B2[b(B2[l(B6H4HH6HH)])])])]H2)f(H6)]
655,2.83006484438339,C[f(B2[r(B[t(BB[r(B2)]B6H4H6)]H4H6H6H6H4)])]
656,2.828925728236552,C[l(B2H4H4)f(B2[r(B6[t(B[t(B2)]H6)]H6H2)]H6)]
657,2.8287990465790083,C[r(B4H4BHBBB6[t(B2H6)]H4HH6)f(H2)]
658,2.8279634948698398,C[r(B[r(B[l(B6[b(B[r(B2)]B2)]B6[t(B2[r(BB6)])])]H4H2)])f(H6H4B)]
659,2.826932323525107,C[l(BB[t(B)r(B2H2)]H4BB4H6H6B6H4H2)f(H4H)]
660,2.8256940386136398,C[l(B2[r(B2B6[b(B4B)]B6H4B6H4H2)]H2)f(H6)]
661,2.825349085152552,C[l(B6[l(B6H4H6H6H6)])f(H4B2[r(B2)l(B[b(B)]B[r(B)])])]
662,2.8225108820161586,C[l(B6[t(B)b(B[l(B2[r(B2)])t(B6[b(B)]H2)]H4H4)]B4)]
663,2.822284484499413,C[f(B2[r(B2[r(B2B6B6[t(BH4)]H6)])t(B4B)])r(B4[r(B2)])]
664,2.822011788566435,C[l(BH4)f(H4B[r(B2)l(B2[b(B6[l(B2)])]H4)]H4H6H4B)]
665,2.8214317879684656,C[r(B6[t(B6[r(B2)l(B6)]BH4B)]H2)f(H6H4BB2H)]
666,2.819507554628646,C[f(H4B[l(B6[b(B2B[l(B2[b(B6[r(B6H4)])])r(B6[l(B6)])])]H6)]H4H2)]
667,2.8176678847140018,C[r(B6[l(B2[t(B2)])r(B6B[b(B6)])b(BB4[t(B2H4)])]H4B6[b(B)])]
668,2.817641710148136,C[l(B6[b(B[b(B2[l(B6[r(B[b(BH2)])]BB4[r(B6H4)])])])]B2)f(H4B)]
669,2.8171787551092295,C[f(B2[r(B6)l(B6[l(B6B2H2)]B)])l(BH4H6H4)]
670,2.8170091059298965,C[l(B6H6)r(B6[r(BB[l(B)]B6[l(B2)]H4H4H2)]H2)f(H4)]
671,2.8168075844436755,C[f(H6BH6H6H4B2[r(B6[l(BH2)]BH6BB6H4)])]
672,2.81669251114983,C[r(BH2)f(B[t(B[r(B6B[r(B2[r(B2)])]H)]H4H4)]H4)]
673,2.816606961900688,C[r(B2[t(B6)])f(H6H4B[r(B2[b(B2)r(B6B)])]H4H)]
674,2.815556542599034,C[f(H4B[b(B6[t(B6H)b(B6[b(B2[t(B6[b(B2[t(B2)]BHH6)])])])])])]
675,2.8153533950502627,C[l(B6[b(B6B2[r(BB)])]B6[r(B2[r(B2H2)])]H4H)f(H6B6)]
676,2.8149101684536952,C[f(B6[b(B4[t(B6[b(B2[b(B6[t(BB2[l(B6[l(B2)])])])])])])]H4H4H6HH)]
677,2.8147848394954122,C[r(B4[r(B2[r(B2[b(B2[r(B6[r(B6BB6)l(BB4)])])])]H)])f(H4H4H4)]
678,2.813403933654109,C[f(H2B[t(B6[t(B[r(B6[b(B2)]BBH4H6H4)])]H4H6)])]
679,2.8132634785030692,C[f(B4[t(B6B2)b(B6[l(B2)t(BB4[l(BH2H6)]B)]H4)])]
680,2.812902006970509,C[r(B6[t(B[t(B6[r(B)])])]H4B4[t(B2[r(B2[b(B2[b(B4)])]H4)]H6B6[t(B)])]H4)f(H4)]
681,2.8122950498583834,C[r(B[t(B[b(B6B6H6H2H6)])]HH4H2H)f(H4)]
682,2.8120476634086096,C[f(B4[r(B2[t(BH4B[b(B6B)]H6H4)])])l(BH2)]
683,2.8118976018474973,C[r(B6[r(B4H4B2[r(B2)lb(B6)]BH2)])l(B[l(B6H4)])f(H6)]
684,2.811889001648414,C[l(B6[b(B6[b(B)l(B2[r(B2[l(B2)]H4B6H)])]H4BH)])]
685,2.8111533729968823,C[l(B6[b(B2[r(B)]H4B2B4[l(B4[r(B6H4B4)]H2)t(B6)]H)])f(H4)]
686,2.810900704533306,C[r(B2[b(B2[b(BH4)]B4B2)r(B6)t(BH6B)])f(H6BH4H2)]
687,2.8106716076274307,C[l(B6[b(B2[l(B[l(B2)]H4B)]H4H6H)t(B6B6)])]
688,2.810434538906939,C[f(H4B4B6[r(B2)b(B6B2)]H6H6H4H2HH)]
689,2.8103749595994447,C[l(B)f(B[l(BB6[r(B6[b(B6)]B2[r(B2)])]H4H)]H4)]
690,2.810208131808893,C[f(H6H4H6B6[t(B[b(B2[b(B2[r(B[r(B6B)]H4H)]H4)])])]B2)]
691,2.809769610009529,C[f(B2[r(B2H4B2[l(B6[r(B6)]B6H4B)])]HH)]
692,2.809378594854221,C[l(B6[b(B2[b(B2[r(B6)])]H)]BB6)f(H6B4HBH2H)]
693,2.807551496694215,C[f(B4[r(B2[r(B4H6)]B6[b(B6H4H6B)]HH)t(B[r(B2)])]B4)]
694,2.8073860454171884,C[l(B4H6H2B[t(B6[t(B[r(B2)b(BH)])]H4HH4)])f(H4)]
695,2.8073835186842753,C[f(H4BB6B[b(B2[l(B4)]H4H4H6H6HH2)])]
696,2.8073289071888734,C[r(B[t(B4[l(B6H6H4BB2[r(B2)t(B4[l(B6BH6)]B)])])])f(H)]
697,2.8068352898107514,C[r(B6B2[r(B2)l(B6)]H6H)f(H4H4H6B)]
698,2.8047733746204866,C[r(B2[r(B)]HH6)l(B6)f(H6BH4B[r(B2[b(B2)])])]
699,2.804289629564577,C[l(B2H6HB4[b(B2)t(B[t(B6[t(B2[r(B6)])]H4)])])f(HH2)]
700,2.80238428007865,C[l(B[b(B[b(B2B6B)t(B6[t(BH4B)])])]H4)f(H2H6H2)]
701,2.800663340052954,C[r(B[t(B6[l(B[r(B2)])]H4)]B4[l(B6B[l(B2)]H4H6H)])f(HB4)]
702,2.798983771992164,C[f(H4B4[l(B6[l(B2[b(B2)]B[t(BH4H)]H6H6H4B)])]H4)]
703,2.7988411143774776,C[r(B6[r(B[t(B2B6[b(B2[b(B2)])]B6B)]H4B2H6H4)])f(H6)]
704,2.794540013257719,C[f(B2[l(B4B6[t(B2)r(B6[t(BH4)]B2[b(B)]H)])t(B6)])l(BH6)]
705,2.79381418903084,C[f(B2[r(B2[b(B2[l(B6[b(B6B)]B6H)]H6)]H)])l(BH4)]
706,2.7937057504486873,C[f(H2H6B6[b(BH4B[b(B6)l(B[t(BH)]H4H6H4)])]H6H2)]
707,2.7936795732169246,C[f(B4[t(B4[l(B2[l(B6[t(B[r(B6B)])]H4H6H)])]B)]H2H4)]
708,2.793422131767045,C[l(B6[b(B2[l(B2)])l(B6[t(B2)]H4)]HH)f(H2)]
709,2.7934017898107566,C[l(B)r(B6)f(H6H4HB[b(B6[b(B2)])r(BH2H4)])]
710,2.7930556234667425,C[f(H4B2[r(B[t(B)]HB[r(BH4H2)]B6B6B2H2H)])]
711,2.792919610244576,C[l(B6H)r(B6[r(B6[b(B2)l(B[l(B2)])]B6H6)]B2)f(H6H2)]
712,2.792888492626907,C[l(B6[b(B2[l(B4[l(B6[b(BB6)])])])l(B[t(B)])]B6[l(B2[t(B4)])]H4)]
713,2.7927636811520884,C[l(B4H6B4HB2[t(B4B6H4H)])f(HH2H)]
714,2.7918110033529286,C[l(B6[l(B6B6)r(B[t(B6H4H6B2H2HH2)]H)])f(H4)]
715,2.791234088300267,C[r(B4[r(B6[r(B6[b(B2[b(B2[r(B4B)])])]BH4B2)]H4H2)])f(H6)]
716,2.7910595280811616,C[r(B[r(B2[r(B6[t(BB[l(B)])]H4)]H6B2H6)]H6)f(H6)]
717,2.7910447216558496,C[l(B6[lt(B)]B4B4[l(B4[r(B2[t(B)l(B4[b(B)])])])])f(H4B6H4)]
718,2.790725703144889,C[r(B[t(B)r(B[b(B6H2)]B)]H4)f(H4B[b(B)]H6HB2H4)]
719,2.789805869648784,C[l(B[r(B2B6[l(B)]B6H4H2)l(B6[t(BH2)])]H4H4)f(H6)]
720,2.7895352291260034,C[f(B4[r(B6[t(BH6B[r(BB2B6HH6)]H6)])]H4H4)]
721,2.7894606739483145,C[r(B6B[r(BH)])f(H4H4B6[r(B2[r(B2)])b(B6[t(B)])])]
722,2.789022871846158,C[l(B2[l(B2)b(BBH4B[r(B)lb(B6)]BH4)]H2)f(H2)]
723,2.788925906277036,C[l(B4[l(B6[b(B2H4BB6[l(B)]BH4H)t(B4)])])f(H2)]
724,2.7886947531416264,C[l(B[t(B2[r(B[t(B[b(B6BH4H2)])]H4)])]B6H)]
725,2.7886362089251353,C[l(B6[l(B6[b(B2[b(B2)])t(B6B[t(B[r(B6)])]HH)]BH4)])f(H4)]
726,2.7880258581237007,C[r(B6[t(B6[b(B2[b(B2[r(B[t(B[b(B6)])]H4H4)])])r(BH6H2)]H)])f(H4)]
727,2.7876328758044955,C[l(B6[b(B[b(B6[b(B6[b(B2[r(B6[l(B6)r(BH2H)])])])]B4)])])f(H6)]
728,2.78740150425977,C[r(B6[b(B6[r(B6[b(B2[b(B2)])l(B6H4)]B6)]B4HH)])f(H4BH4)]
729,2.7871395158698915,C[f(B2[r(B6[l(B6H2H4B[b(B6B[r(B4)]B6H4H)])])]H4)]
730,2.7862670207650035,C[f(H2H6HB2[t(B[t(B6[l(B6)]H4)])]H6B2)]
731,2.7861581298711213,C[l(B2[l(B6[b(B6[b(B)t(B2B2)l(B[r(B2)])]H4B6H)])])f(H6)]
732,2.7861531191719946,C[f(B2[t(B4[b(B6B)])r(B6[l(B[b(B6)])t(B[b(B6[b(B2)])])]H4)])]
733,2.7857387454436955,C[l(B4[l(B6[b(B2)]BH4B[l(B[l(B6H4)])])]H6H2)f(H6)]
734,2.785728426169772,C[l(B6[t(B[l(BH6HB)]B6[b(B6[b(B2[r(B6[l(B)])])])]H4)])f(H4)]
735,2.7854208775816596,C[f(H4B4[l(B[r(B6[b(B2[l(B2)b(B2[r(BH4B[r(BH6)])])]H4)])]B)]H)]
736,2.7852163139004196,C[l(B[r(B[t(B6[t(BB6B4[l(B6B6)])]H4)])]H2)f(H2H4)]
737,2.785149548461844,C[l(B[t(B2[r(B6[t(B[b(B2)])]H4B6[t(B)b(B2H4)]H)])]B4)f(H6)]
738,2.784558988312616,C[l(BB[r(B)b(B6H)l(B6[l(B2[r(B2[r(B2)])])]H4H4)]B6)f(H4)]
739,2.784447042717603,C[r(B2)f(H4B[t(BB6[b(B2)l(BH4)]H2)]H4B[l(B6H)])]
740,2.784442184499176,C[l(B6B[r(BH6H6)]H)r(B[b(B)t(B2)]H4H4)f(H2)]
741,2.7841058180903233,C[r(B[t(B)r(B6)]H4H6H4H)l(B[t(B4H2)]H4)f(H2)]
742,2.783954045069949,C[f(B2[r(B6[t(B[r(BB6[r(B2B6)])])]H2)]H6H2HH)]
743,2.783036277155608,C[r(B[b(B2[r(B2[l(B6[b(B)l(BB4[t(B6BB6)])]H6)])])])f(H6H4)]
744,2.781895291570031,C[r(B6[r(BH4B2[l(B6)b(B6[b(B2[l(B2)])]B6[t(BH4)]H)])])f(H6H2)]
745,2.781542530393244,C[l(B6[r(B2)b(B6[r(B4)t(B[b(B6H4)]H6)]H6B)]BH)f(H4)]
746,2.7810903437552597,C[f(H6B2[l(B6[r(B[l(B6B6)t(B6[l(B2)r(B6B)])]H2)]HH4)])]
747,2.7802945087009574,C[f(B4H4B6[l(B6[l(B2[b(B2[r(B[l(B)]B4)]H4H4)])]H)])]
748,2.779966449843613,C[l(B6)f(H6B6[l(B2[r(B2[t(BH6)])])r(B[t(B2)])]H4)]
749,2.7796325780859954,C[f(B6[b(BB6HH2HH)]HB4[b(B4HH2)]H2)]
750,2.779120954197941,C[l(B[l(B6[t(B2[l(B6H2)t(B6[r(B2B)]H)]B6[t(B2)])]H4)])f(H4)]
751,2.7788015174617557,C[l(B6[b(B2[b(B2)])l(B6[t(B2)]H4BB6)]BH4H6H4H)f(H4)]
752,2.777814647740919,C[l(B4[r(B6[b(B2)])t(B[r(BH4B2[l(B6H4H6H2)])])]B)f(H4)]
753,2.7777769374151946,C[l(B2[l(B6H4)]B2H6B)f(B[r(B2[r(B2B6[l(B)])])]H6)]
754,2.777768462674504,C[f(H6B2[r(B2[l(B6[r(B6)l(BH)])]H4B6[t(B)l(B6[b(B)])]H4)])]
755,2.7774068427975953,C[r(B6H4H)l(B6[t(B)b(B2[r(B2[t(BH)]B2)])])f(HH2)]
756,2.7772271443754044,C[r(B6[t(B6[b(B6[t(B6B2)]H4H6)]H2)]H4HB)f(H2)]
757,2.7768416300573713,C[f(B[l(B4[b(B[r(B4[b(B6H)])]B6H6H6)t(B[t(B[l(B2[b(B4)])])])])])]
758,2.7765547431454864,C[l(B[r(B2B6)l(B[l(B2)t(B2[l(B6)])]HH)]H2)f(H4)]
759,2.77601465309528,C[r(B6[b(B[r(B2[t(B)l(B4B6[b(B2)]H4H)]H6)l(B6)])])f(H6)]
760,2.775793861388835,C[f(H6B4[b(B2[b(B2[t(B4[r(B4)]B)r(B6[l(BH4)])])]H)]H6)]
761,2.7755601661959455,C[l(B[r(B2B6[b(B2)]B[r(B4H4B[b(B6H6H2)])])]H2)f(H6)]
762,2.7748399335290035,C[l(B[r(B6B2HBH4H2)]B6[t(B2H2)]H4H4)f(H6)]
763,2.7747537765233554,C[f(H4B4B6[t(B2[r(B2[b(B2H2)]H6)l(B6B[b(B2)])])]HH)]
764,2.7737544089158916,C[r(B6[r(B6[b(B2[b(B2[r(B6H4H)]H4)]H4B2)]B)]H4)f(H6)]
765,2.7733627975311306,C[r(B6[t(B)l(B2)r(B6[b(B6)]BH4BH2)])l(BHH4)]
766,2.7724941182056013,C[f(B2[l(BH4)t(B[b(B[r(B6B4)])]H2)])l(B6BH4B)]
767,2.7720915386292697,C[f(H6BB6[b(B6[l(B2[b(B)]HH2)])]B6[b(B4B)]H4H2)]
768,2.7719911007418494,C[l(B2H4)r(B6[r(B)t(B[b(B6[b(B2)])]H2)])f(HH4H)]
769,2.7714300391065736,C[f(H6H4B6[b(B6[b(B[r(B[b(B2)])])])l(B[l(B6)]BH4H6H6H2)])]
770,2.7709028090295957,C[r(B[r(BH4B[r(B2[l(B6H4H6)r(B6[l(B6)])])])]B4)f(H2H6H2)]
771,2.7708792657501107,C[f(B4[l(B6[b(B2[t(B)]H4H)])]BBB6[l(B2H6)]H4H4)]
772,2.770463343397295,C[r(B6[l(B4H4B[r(B[r(B2)])])]B6H4)f(H4H4H2H4)]
773,2.770261431327434,C[l(B6[b(B2[l(B6H6H4HH4)t(BH4)])t(BH2)])f(H4)]
774,2.769964684055349,C[f(B4[l(B6[b(B2[r(B2[l(B6H4)]H4B)]H4H2)]B6)]BH4)]
775,2.7698188588730153,C[r(B6[r(B[t(B2B6[r(B2[t(B6H2)r(B[t(B)])])b(B6)]H4)])])f(H6)]
776,2.7697993012010516,C[f(B2[l(B4B[r(BH4H2)]H2)]H6B)l(B6B)]
777,2.769654076049531,C[f(B6[l(B6[t(B6)b(B6[l(B2)]H4)]B2[l(B2[b(B2H6)]H4H)])])]
778,2.7690930483090965,C[f(H4B[t(B[b(BH)]BB6[b(B)]HH2)]H4H6H2)]
779,2.7690050414834366,C[f(B6[r(B6[b(B[t(B2[t(B[t(B)b(B4H)]H6)]H4H2)]H4H6)])])]
780,2.768828207919025,C[l(B6B2[r(B2[l(B[l(B[l(BH2)])]H)]HH)]H)]
781,2.7688001261020383,C[f(H4BH6B[b(B6[l(B2)]B2H)r(BHH2)]HH4)]
782,2.7685916475270473,C[l(B6[b(B2[r(B6H4H6B[l(B[l(B6H4)])])])]B4)f(H4H2)]
783,2.768468016810289,C[f(B4[r(B2[r(B4[l(B6B[r(B)])])])l(B[b(B[r(B6)])]H4H)])]
784,2.767623919310653,C[l(B[r(B4B6[b(B6[t(B)])]B6H6)]H2)f(H4H4B[b(B6H4)]H2)]
785,2.7671393665677755,C[f(B[t(B6[l(B2[r(B6[t(B)]H6H2)])b(B4)]BHH6HH2H)])]
786,2.7667243778068866,C[f(H6B4[l(B2B6[b(B2[r(B2[l(B6[t(B)]H4)])])]HBH4)t(B6)])]
787,2.7662416448591487,C[r(B6[t(B)])l(B6[t(B)l(B4H4)]B[b(B2)]HH4)f(H4H2)]
788,2.7661749944943903,C[r(B[l(B2[b(B2)l(B[t(B[l(B6[t(B2H)])]H4)])])b(B6B)])f(H6)]
789,2.7659463102394275,C[l(B6[l(B)t(B6[b(B2[r(B[b(B2[r(B6H4)])])])])]B2[l(B2)]H)f(H6BH4)]
790,2.7655523002668416,C[l(B4[r(B6)])f(H4B[b(B4B[t(B[l(BH2)])]H6H4)]H6H)]
791,2.76519837107036,C[f(H6H2B6[b(BH4H6)r(B[r(B2[r(B6[t(B)])])])]H6H2)]
792,2.76509151481632,C[f(H2H4B[b(B6[r(B6[b(B4)]B2H6)]H4HB6)]H2H6)]
793,2.7648130195390026,C[r(BB6[b(B2[r(B6[t(B)r(BBB6)]H4H4H2)]H6)]B)f(H6)]
794,2.763618030952314,C[f(B2[r(B2[r(B6[l(BH4H6H6)]B2B6)])]H6H4)l(B6H)]
795,2.7632168008078515,C[f(H4B[t(B6[b(B2[l(B6[b(B2)])]H)l(BH4)])]H6H6H2)]
796,2.7630031849324577,C[f(B[r(B6[b(B4[b(B)])l(B[b(B2HB6H4)])]B2[b(BH2)]H)])]
797,2.7618355555237173,C[l(B2[r(B6B6[b(B4B[b(B6)]H)]H4)]H4H2)f(H4)]
798,2.76113141404956,C[l(B6[b(B6H6)]BH)r(B[t(B2)l(B2[r(B2)])]H)f(H6H4)]
799,2.7608133263563404,C[r(B4[r(B)l(B2[l(B[l(B2)r(B6)]H4)]H4B2)])f(H4B4[t(B6)l(B6H)])]
800,2.7606048898539135,C[f(BHB[b(B2[r(B2[l(B6[r(B6)]H4B[l(B)])])]H6H)])]
801,2.7605468307936025,C[l(B[r(B2)]H6B[t(B)l(B2[r(B2H4)])r(B6[r(B)])])f(H4HH6)]
802,2.760412620058882,C[f(H2H6H4B[l(B)r(B2)]B4[l(B4[t(B6B6)])]BH4)]
803,2.760162082761826,C[f(H4B4[l(B[b(B6[l(B6)]H4H4H6)]H4)]HH2H4)]
804,2.759572846738581,C[r(B6B2)l(B6[b(B6[r(B[t(BH4H2)])])]B6[r(B2)]H4H6)f(H4H2)]
805,2.759559976587513,C[l(B[l(B6[t(B)l(B2H6H2H4)]H4H)])f(H4H2)]
806,2.7589179544682434,C[f(B2[l(B2H4)r(B2[t(BH4BB[b(B2)r(B6)]H)]H4)])]
807,2.7587718102333874,C[f(B6[t(B[r(B[l(B[r(B2H)]B6[r(B)]H4B6)]H6H6H2)])]H6)]
808,2.758760947716244,C[r(B6[l(B2[r(B2[t(B6)])])]H4HBHH)f(H4)]
809,2.758760918808835,C[f(H6H4B6[b(B2[r(B2[l(B2[l(B4[t(B4[t(B[r(B)t(B6)])]H6H6)])])])])])]
810,2.7586432024171996,C[f(B2[r(B2[t(BH6)])]H6)l(B6[b(BH4)]BH6B)]
811,2.758266182589443,C[r(B[r(B4H4)]H2)f(H4H4B6[b(B2[b(B6)])l(B6)]H)]
812,2.7577272204849637,C[l(B[b(B[r(BB6[l(B2[r(B2[l(B6[r(B6)])]H4B6)])]H)])])f(H6H4)]
813,2.7567463376964003,C[l(B[t(B[t(B6[b(B2[l(BH4)])l(B6)]B2)]H4B2)]H)f(H2)]
814,2.7563772994435984,C[f(B2H4B2B4)l(B6[b(B[t(B6[r(B6)]H4)])]HH2)]
815,2.7560943894357224,C[f(H6H4B6[b(B2[b(B2[l(BB6)])]H4H4H4)]BH)]
816,2.756046619681722,C[r(B6B6[t(B2[b(B6[b(B2)]BH)])]H4H)f(H2)]
817,2.755589207917608,C[r(B4BB)l(B6[b(B6HB2)]H4H6)f(H2H4B)]
818,2.755057263642639,C[l(B6[b(B6[b(B2[r(B6[t(B)]H4H2)])]BHB)])f(H4H4)]
819,2.75491158117784,C[f(B[l(B2[rl(B6)]B[t(B)r(B2[t(B6B6H4)])]H4)]H4)]
820,2.754899739895225,C[l(B6[b(B6[t(B4)r(B[t(B6[r(B)])]H2)])]BH4HH6B6[b(B2)])f(H6)]
821,2.7541193518201434,C[f(H4B4[l(B[r(B6[t(B6)]H)]B6[b(B)]H4)]H4BB6[b(B2[b(B2)])])]
822,2.7537487231366713,C[r(B4[b(B[t(B4H4B2[l(B[l(B2H6)])])l(B6)]H4)]HB)]
823,2.7532962430677896,C[l(B[t(B[t(B)])]B[l(BB6[r(B2B6[t(B[t(B2[l(B6)]H4)])])]H4)])f(H4)]
824,2.7529365246422577,C[f(B2[r(B6[t(B[r(BH)])])l(B[t(B6[t(B2)b(BH4H)])])]H4H2)]
825,2.7524582193778513,C[r(B[r(B6[t(B2[l(B6[b(B2[b(B2[r(B6H4)])])]BH)]B4)]H4B2[l(B6)])])f(H6)]
826,2.752454734581113,C[r(B6[rl(B)])f(H6B4[l(B2B6B[t(B[t(B2)]H4)]HH2)])]
827,2.7522553748575618,C[f(H6H4B[t(B4[b(B[r(B2[b(B2[r(B6[l(B4H6)r(B6)])])t(BB4)]H4H6)])])])]
828,2.752178914441422,C[r(B6[l(B[l(BH4B[l(B6)b(B6[b(B2[l(B6H4)])])])])])f(H2)]
829,2.7516563534708096,C[l(B6[b(B2[l(B2)])]B[r(BH4B)t(BH4H)]B4H6)f(H6H2)]
830,2.751157071613216,C[l(B6[l(B6[b(B2)]B[t(B6[t(BH2)]H4H6)])]H)f(H4)]
831,2.750807188559926,C[l(B6[r(B6HH2)])f(H4BHB[t(B6[t(B2H2)]H4)])]
832,2.7507557691161613,C[l(BH)f(H6H4B6[r(B2[r(B)l(B2H4)])b(B6B)]B4H6H)]
833,2.7503945426824385,C[r(B6[r(B6[b(B6[t(B[b(B2)]HH4H6)]BB4)]BH6H)])f(H4)]
834,2.750250628014677,C[l(B6[t(B)l(B2[r(B2[l(B4HB2)]H2)])]BH6B6)f(H4H4H)]
835,2.7502311706914906,C[l(B6[b(B2[b(B2)l(B[r(B)t(B2)]HH4H6)])])f(H6BH6)]
836,2.7501874898939374,C[r(B6B[r(BH4)]B4B[r(B2[b(B2)l(B2[l(B6[b(B6)]H4H)])])])]
837,2.7497156947027106,C[l(B6[b(B6H4)]B[r(B4H4H6B6B)]HHH2)f(H4)]
838,2.749025597901156,C[f(H6B2[r(B2[l(B6[b(B6B[l(B6[r(B[t(B)]H4)])]H4)]H6H)])])]
839,2.74894512240847,C[l(B6[l(B[t(B2[r(B2)])]H4H2H2)b(B[t(B6)])]H4)f(H6)]
840,2.7486451365937996,C[f(B2[r(B2[r(B)])])l(B6[l(B[l(B2H6)]H4H4)]B4H4B[r(B)])]
841,2.748163461156162,C[l(B[r(B4[l(B6[r(BH4)])]B6[l(B)b(B2[b(B2[r(B6)])])]B[b(B)])]H4H4)f(H4)]
842,2.74811125312375,C[r(B4[r(B6[b(B2)]B6H4H)l(B[b(B4B6[r(B)])]H6H6H6)])f(H2H4)]
843,2.74808838358682,C[r(B[l(B6[b(B2)]H4H2)t(BH4B)]B[r(B6)])f(H4H4)]
844,2.7471147931403026,C[l(B6[b(B2[r(B2)])l(B6[b(B)]B[r(B)]B6)]B4H4H2)f(H6H4H)]
845,2.7463315638661983,C[l(B2B4[t(B4[b(B)l(B6B6H2)r(B[b(BH6)])])])f(B2[r(B2)])]
846,2.7457054183856178,C[l(B6[l(B2[l(B2[r(B2)])r(B4H6)]H4)b(B6B)])f(H4B)]
847,2.7454187034736957,C[f(H4B2[l(B2)r(B2[r(B6[b(B)t(B6B6H4)]B6[r(B)])]H4H4)])]
848,2.7452374584992576,C[f(H2H6B2[l(B2H4)r(B[t(B2H)r(B6[b(B6[b(B)])])])]H2)]
849,2.7449334730022095,C[f(H6BB[b(B2[b(B6[l(B2[r(B2B6H4H)])b(B6)])])])]
850,2.7448478516481742,C[r(B6[b(B[b(B6[b(B2[r(B[b(B4)]H4H4H6H2)])]H)])])f(H6)]
851,2.744787490212251,C[l(B6[b(B2B6[t(B2)]H4H6HH6H6)])f(H2)]
852,2.744741659253374,C[l(B6[b(B2[l(B)]HB2H2HH6)]B[r(BH6)]B6)f(H6H4)]
853,2.744233699244206,C[r(B[r(B2B2[b(B2[b(B)]H4H)l(BH4B)])]B4[l(B6)])f(H6)]
854,2.7432889961942366,C[r(B[r(B)b(BBB4[r(B2[l(B2[l(B6[r(B6)]H2H)])])])])f(H6)]
855,2.7425960865817736,C[r(B6[l(B6[l(B[l(B[t(B2H2)])])]H4H4)b(B[l(B6)])])f(H2H2)]
856,2.7425882803841652,C[l(B4[l(B6[l(BH4)]H)])f(H6B2[l(B[r(B[r(BH4H2)]B)])]H4)]
857,2.7424610410573846,C[l(B6[b(B6[t(B[r(B2)t(B6[t(B2)])]H6H2)]H6)]H)f(H4H4H4)]
858,2.742176246660872,C[f(B2[r(B2[t(BH6)])])l(B6[l(BBH4H4)]B6B6)r(B[l(B)])]
859,2.7419173959454044,C[r(B6[b(B4B6[t(B)l(B2[r(B2)]H2)]H4HH6)]H4)f(H4)]
860,2.74186606484816,C[l(B6[r(B2B6B)l(B6[t(B[l(B6H)]H2)]H4)]H2)f(H6)]
861,2.7416632273576442,C[r(B[b(B2[l(B6H6)]B[l(B[r(B2[b(B2)])]H4H6)]B6H4)])f(H4)]
862,2.7404980274820843,C[r(B6[r(B2B6[b(B2[b(B2[l(B4)r(B[t(B2)]H4H4)])])]BH)])f(H4)]
863,2.740390272106877,C[l(B[r(B[t(B6H4)r(BH6B[b(B6[b(B2)]B6)])]B6H)])f(H2)]
864,2.7402436261425636,C[f(B[r(B6[b(B2[l(B2HH4B2[r(BH2)l(B[l(B)])])])])]H6H6)]
865,2.7401382344736143,C[f(B2[r(B2[l(B2[l(B6H4HH4H6)])]H)t(B4[l(B6B[r(B)])]B)])]
866,2.7397808790955662,C[f(B2[r(B2[r(B2H)])]H)l(B[t(B[r(B4HB6[b(B6)])])]H6H4)]
867,2.73914725303949,C[l(B6[b(B[r(B4[t(B2)])l(B6H4H6)]HB[r(B4)])])f(H2)]
868,2.7387647674411046,C[f(B6[r(B6H)]B2[r(B2B2)]HH4)]
869,2.7384281682322733,C[l(B[b(BH4B[b(B6[b(B2[r(B6H4)])])])]H4H2)f(H6)]
870,2.738123459756495,C[l(B6[l(B6[b(B2[l(B6[l(B[l(B4HB2)]H2H)]H4H6)])])])f(H6)]
871,2.736643542141935,C[f(H4B[t(B2[l(BB6)])]B6[b(B2[b(B2[l(B2)r(BH4)])])]H)]
872,2.7356575062466435,C[f(H4B[b(B[b(B4[t(BH)]H4)]B6H)]B6[l(B2[r(B2)])]H4)]
873,2.7352822767950844,C[l(B6[b(B2[r(B2[l(B4)r(B6[t(BH)])])]H2)]B4[l(B2B6)]H4)f(H6H4H4)]
874,2.735083014665074,C[l(B[l(B6)]B2[t(B4HB[b(B6H4)]H2H4)])f(H4H4)]
875,2.734911629574672,C[l(B6[r(BH4B[l(B6H2)b(B6[b(B2)])]BH6)]H)f(H6H4)]
876,2.7346087202769667,C[l(B[t(B4HB[r(B4H)t(B6)b(B6B)]H2)l(B6H4)])f(H4)]
877,2.7343950756362427,C[r(B6H4H6)l(B[r(B2H4H6H4H)]B6B6B)f(H2)]
878,2.7338771621180387,C[l(B6[b(B2[l(B2H4)r(B2[b(B2[r(B6B)b(BHH4)])])]H4)])f(H6)]
879,2.733198395959332,C[l(B6B[t(B)r(B2[r(B2)])]H)r(BH2H4H4)f(H4)]
880,2.732633815092572,C[f(H4B2[l(B2[b(B2[t(B6B)r(B[r(B6H)]H4B6)])]H4H6H6)])]
881,2.7318958862989198,C[l(B6[b(B2[r(B2)l(B6[t(BH4)]B2[b(B)]H4H6)])]BB6H6H)f(H2)]
882,2.7316948096311675,C[l(B6[t(B[t(B2B6B[l(BB6H4H)]H4H2)])]H2)f(H6H2)]
883,2.7314887359948803,C[f(H6BH6B2[b(B2[t(B6[r(B4[b(BB6H4)])]B6)])r(B4)])]
884,2.731117711582619,C[f(H4H4B[b(B2[t(B4[t(B6)])]HB2)t(B6[t(B)])]H2H4)]
885,2.7309364143452735,C[f(B2[l(B6[r(B6)t(B[l(B[t(B4)]H6)]H2)]HH4H4)])]
886,2.7307313179236803,C[l(B6[l(B6[b(B2)]H4H)]H2)f(H6B2[l(B6B)]H6)]
887,2.730379673678823,C[f(B[r(B6[b(B6[b(B)]H4H)t(BH4)]B2H2H6H2)]H4)]
888,2.730274636425111,C[f(B2H4)l(B[l(B6HH6)t(B[t(B6B)]HB)]H6H2)]
889,2.73020580112091,C[f(H6B[l(B[rl(B4)b(B6B2[r(B2)]H2)]B6H6)]HH4)]
890,2.7301622819566207,C[l(B[t(B6[l(B6[b(B2)]BH6)]B2[t(B2)b(B4[l(B)r(B6)])])]H)f(H6H4)]
891,2.7299902520515893,C[r(B6[t(B[r(B)b(B[r(B2[b(B2)])b(B6)]H6)]HH4H6)])f(H6)]
892,2.729856465829007,C[l(B6[b(B2[r(BH4H4)])t(B[tb(B)]H4)]B6)f(HHH4H2)]
893,2.7295033965544526,C[f(H2HB[l(B4H)]B4B6[l(B2[r(B2)]H6)]H4H)]
894,2.729398772231484,C[f(B2[r(B2[t(B4H4HH2)])l(B6B6B[r(B6[l(B6)]B2)])])]
895,2.7293476419198814,C[f(B2[r(B2)]B6[t(B[r(B[t(B6)]HH6)]HH4)]BB6H4)]
896,2.7291313053527277,C[f(H4B4[r(B2[r(B4[b(B)r(B6B4)]H6)])l(B[b(B6H)]H4)])]
897,2.728387669215234,C[l(B6[l(B6)t(BHB2[r(B4)l(B6)b(B6[b(B2)])]H2)]H4)f(H4)]
898,2.728156636939346,C[f(H4H4B[r(B2[r(B2B[t(B2)r(B6)]H4H4)])])]
899,2.7275904320159823,C[f(H4BB6[r(B)b(B6[r(B6[b(B6)]H)]H4H6)t(BH2)])]
900,2.7275891523129125,C[l(B6[b(B4H6)l(B[t(B[t(B)l(B2[r(B2)b(B4)])]B)]H)]B)f(H4)]
901,2.7274833533294096,C[f(H2B6B4[l(BH4)]H4B2[r(B2)]H)]
902,2.7270954843139474,C[r(B6[b(B2[r(B6)])t(B[r(B[t(B6[b(B6[l(B2[r(B2)])]H)])])]H6)])f(H6)]
903,2.727021868219998,C[r(B[t(B[b(B[b(B2H6)l(B6)]H6)])]H2)f(H6H2)]
904,2.726977645273544,C[f(H4B4[l(B6B6[b(B6[b(B2)r(B2[l(B4)])])]BHH2)]HB)]
905,2.726828136042701,C[l(B6[t(B4B[l(B)r(B[l(B4)]H6H)])]B6[l(B2)]H4)f(H2)]
906,2.7266425417922386,C[r(B[r(BH6H6H)]H2B6[b(B2[l(BH4)]H4B2)])]
907,2.7262671694309732,C[f(H6B[l(B2[b(B6[l(B)])]H2)]H4H6B2[b(B2H2H4)t(B6H6)]H6)]
908,2.7251875735780766,C[f(H2B2[b(B4)]HB[l(B6[l(B6)]H4)]B6[t(B2)r(B6H4H6H2)])]
909,2.725081493623116,C[r(B4[b(B6[l(B4[r(B6[l(B4[l(B6[l(B6H4)])])])])])r(BHB[l(B6)r(BH)])])f(H4)]
910,2.7250034501869425,C[f(H6BH4B2[r(B2[l(BH4H)])l(B6[l(B6B2)]H6H2)])]
911,2.7244270915110493,C[r(B6[r(B6[b(B2)]BB4H4)t(B[l(B)])]H4H)f(H6H2)]
912,2.724329904357452,C[l(BB6B[b(B6[b(B2H4H6H4H2)]H6)]B6)f(H4H4)]
913,2.724175160710625,C[r(B[r(B[l(B6[r(B6[b(B2)r(B2[l(B)])])]H6H4)]H)])f(H6B6)]
914,2.723839438563651,C[f(B2[l(B)r(B2[t(B[t(B2[l(B[b(B2[l(B6)b(B6H6)]H6H4)])])])])])]
915,2.7235955625948436,C[f(H6BHB2[l(B4[l(B6[b(B6)]BB2H4H2)]BH2)]H4)]
916,2.723353512806166,C[f(H4BH4H6B6[t(B6[r(B6[b(B2)]B6[b(B)]H6H2)]B)]H4)]
917,2.722466554955877,C[l(B6[b(B2[t(B[t(B6[t(B)])]H4)]H6H)]H4)f(H2)]
918,2.722193998254592,C[f(H4B6[l(B[t(B2)])]B6[b(B)r(B2[l(B6BHH2)])]H6)]
919,2.721904677898382,C[r(B6[t(B)])l(B[r(B4)t(B[b(B)]H2)])f(H6H4B[r(B6[b(B2H6)])]H6H4)]
920,2.72081559494715,C[f(H4B4[l(B6[r(B2[r(B2[t(B[l(B)])])])]B6[t(BHH4)]H4)])]
921,2.7199014507795836,C[f(H4B[t(B2H6H)]B6[b(B6H4H4H6H)]B6B2)]
922,2.719407685221057,C[f(B6[l(B6[t(B)l(B2)r(B6H2)]H6)]H4)l(BB6[b(B[t(BH4)])])]
923,2.719061463324985,C[f(H6H6H6B[l(B4[b(B6[b(B2[l(BH4)])]B)]H)]H2)]
924,2.7189082066069976,C[r(B6[r(B2H)]B6[b(B2)t(B4B6H4)]B[l(B2)]H4)f(H2)]
925,2.7178205932323336,C[l(B6[b(B6[b(BH2H4)]B[l(B6H4H4)])]B2)f(H2BH4)]
926,2.7175158624979225,C[r(B6[b(B[l(B4)b(B6[b(B2[r(B2)]H4BH)]B)]H6H4)])f(H6)]
927,2.7138228448810686,C[l(B6[r(B6[r(B[r(B2[r(B2B6[r(B2[t(B)r(B6[t(B2)]H4)])])])]H4)])])f(H6)]
928,2.7132824836832987,C[r(B6[l(B2)t(B[b(B6[b(B)l(BH2)]B2)])]H4)f(H4H4H2H4)]
929,2.711782662540669,C[l(B6H2B2[r(B6[r(BH6)])])f(H4B2[r(B[r(B6H)]H2)]H4B)]
930,2.7114347447930216,C[f(B2[r(B2[r(B6[b(B2)])t(BHH4)]H4)]H6H4)l(B6[b(B6)])]
931,2.7111478551520984,C[r(B6[l(B6[b(B2[r(B2[t(B)l(B6)])l(B6[t(B2)])])]B2)]H)f(H4H4)]
932,2.711060326199007,C[l(B6[t(B6[b(B[b(B2[l(B2[b(B2H)])])])])]B2H2)f(H6H4)]
933,2.710992271850443,C[r(B6[r(BH4)]B2[l(B6[b(B6)]H4HH6)b(B[r(B2)b(B4)])])f(H2H6)]
934,2.7106727116604414,C[l(B6[b(B6)l(BH4)]B[r(B2[l(B4)b(B[t(B6[lt(B)])])]H4H6)])f(H4)]
935,2.7089326518737087,C[f(H6BHBB6[r(B6[b(B2H4B)])b(BBH4H6H2)])]
936,2.7087870636052047,C[f(B2[r(B6[b(B)r(B6B[l(B6H2)]H)t(B[l(B4)]H4H4)])])]
937,2.7087777503826658,C[l(B2[l(B2)b(B[r(B6[b(B[r(B6[b(B)]B)])])t(BH4)])]H6H2)f(H6H)]
938,2.707871452640205,C[r(B6[l(B2[r(B2)l(B2H)])t(B[l(B6[r(B)]B6)])]H4H4)f(H6)]
939,2.707025798742731,C[l(B2B6[b(B2)]B[t(B6[t(B2)]H4)r(BH6)]BH6H2)f(H)]
940,2.7065014172356614,C[l(B6[b(B2H6H6)l(B6H4BH2)]B[t(B2)]H)f(H6)]
941,2.7056099247037757,C[f(B[b(B6[b(B2[l(B2H2)])l(B6[t(B2)]H4)]BB6H)]H4H2)]
942,2.7053613755232426,C[f(HH4B6[b(B2[b(B2[l(BH6B2H4H6H)]H6)]H4)]B)]
943,2.7039566432825595,C[l(B6[b(B4)l(B6H4HB4)]B2H4BH)f(H2)]
944,2.7036728126641476,C[f(H4H4B6[r(B2)l(BBH6H6HH2)]B[l(B6B)])]
945,2.701833953206672,C[l(B6B4[l(B[b(B)l(B6[b(B2[l(BH4)])])])]H4H4)f(H2)]
946,2.7012179867133,C[f(H6B[t(B6[b(B2)]B[t(B)]B6[b(B[l(B[r(B4)]H4H4)]H2)]H4)]H4)]
947,2.701196043967795,C[r(B6[l(B6[b(B2[b(B2[l(B4)])r(BH4BH6)])]BHH2)])f(H6)]
948,2.6989972898694607,C[f(HB[t(B6[b(B2[l(B6[t(BH2)]H2H)])])]B6[b(B4[r(B)])]H4)]
949,2.6967518099831507,C[l(B2H4H6)f(H4B2[r(B2H2)l(B4[r(B6[l(B6)]B)]B[l(B6H6H6)])])]
950,2.6961017972297494,C[l(B6[b(B6H4B[r(B2H4H)l(B[b(B4)])]H6HH2)]BH6H4)]
951,2.6959690500533924,C[l(B[t(B[t(B6H4H6)]H4B2[b(B6[l(B)b(B2H4)]H6)])])f(H2)]
952,2.6946683078249767,C[l(B6[r(B2[b(B2[r(B6[t(B2[l(B6)])b(B6H4)]H)]H)])])f(H6)]
953,2.694520489266768,C[r(B6[r(B6[b(B2H)]B[t(B4HH4H4)]H6)t(BH2)]B2[b(B)])f(H6)]
954,2.6935785413844178,C[f(H6H4B[l(B)t(B6[b(B)]B[b(B6[b(B2)]B2)]BH6)r(BH4)]H2)]
955,2.6935567043525124,C[f(B2[r(B2)l(B4[l(B[t(B2[l(B6[r(BH)])])]H4)]B6H4H4)])]
956,2.6934642155198745,C[l(B2[b(B[r(B4[r(B2[b(B2)])l(B[r(B6)])]H)]H)])f(HH4)]
957,2.693271178183172,C[f(B6[b(B[r(B2[r(B2H2)]H6)b(B6[b(BH4)]H)])])]
958,2.6917268626695305,C[l(B6[b(B2)l(B[t(BB6)]H6H6H2)]B[r(B2)]H2H4)f(H6)]
959,2.690760454647712,C[l(B6[b(B4[b(BH2)])l(B[t(BH4)]B2)]B2[r(B2HH6)]H6)f(H6)]
960,2.69015979991679,C[f(H2H4BH6B6[b(B2[r(B2[l(B6H4H)])])]HH4H6)]
961,2.6899928453441566,C[r(B2[l(B2[b(B2[r(BH)])])r(BH4B[l(B6[r(B6H)])])])f(H4)]
962,2.689805951738614,C[f(B2[r(BB[b(B6[l(BH2H4)]B[r(BH6)]H6H2)])])]
963,2.6894308179327124,C[f(B6[l(B6[b(B2[t(B4HHH)])])]BH6H4H4H2)]
964,2.6885244852161683,C[f(B6[r(B)l(B6[b(B)]B6[t(B2)l(B2[r(B2[t(B)]H4H)])]H4)])]
965,2.6878371711362385,C[r(B6[t(B[t(B6[t(B)r(B6H4H6)])]H4H2H4H)]BB2)f(H2)]
966,2.685088816678774,C[r(B6[t(B)r(B6)l(B6[r(B4)]BH)])f(H4H4)]
967,2.684970186972003,C[l(B6[b(B2[b(B[l(B)])]B6)]H4H4H)f(B[l(B2)]H6)]
968,2.6845303920665176,C[r(B6[r(B6[b(B2H6)l(B[l(BH4)]H2)]B4)t(BH4B[r(B)])])f(H6)]
969,2.6826796168256513,C[f(B2[l(B6[r(B6[r(B6[t(B2[l(B)])r(B6)])])]H)t(BH4H4)]H4)]
970,2.682608073217837,C[f(B2[r(B2[l(B6H4H)])])r(B[r(BH4B[l(B4)])])]
971,2.6815650915405222,C[f(B2[r(B2[t(B[t(B2[l(B4)]B2[t(B4[b(B)]H6)]H4)])]H)])]
972,2.680357688038197,C[r(B6[l(B)r(B6[b(B2)]BB6H2)]H4H4H6HH6)f(H4)]
973,2.6795127022569374,C[l(B6[b(B)r(B6)]B6[l(B2[r(B2)])b(BH6H)])f(H6H4)]
974,2.6788397932557197,C[f(H6H4B[l(B6[b(B6BH)])b(BHHH2)]H2)]
975,2.6785740453299223,C[r(B[b(B)]HB6[t(B4)b(B4[t(B6[l(B6)t(B[t(B6)])]H6)])])f(H4H4)]
976,2.6783974117114218,C[l(B[t(B2H2)]B6B[b(B6B4H)]B6[r(BH4)]H4)f(H6H2)]
977,2.677966014628303,C[f(B2)l(B6[t(B2)r(B2[l(B6[l(B6[b(B[r(BH2)])])])]H4)]H4H)]
978,2.677481589338276,C[l(B6[l(B2[r(B2)]H6H4HH6)]B[l(B2)t(B4[l(B2)])]H6B)f(H6)]
979,2.6721724418993302,C[l(B6[r(B2[l(B2[t(B2)]H4)]H6)t(B[r(B2[l(BH2)])])]B6)f(H6)]
980,2.669706366975419,C[f(B2[t(B[t(B[r(B)]H4)]H6H4)]H4B2H2)r(B6[t(B6H4)])]
981,2.66621818506451,C[f(H4H4HBH4B[r(B2)l(B6[r(B6[t(B)b(B2[l(B6)])])]H2)])]
982,2.6651358771438227,C[l(B6[b(B6[t(B[t(B6[l(B2[r(B6)])r(BH2)t(BH4)])]H4)])]B4)]
983,2.6648536857565888,C[f(B2[r(B2[r(B4B6)t(BH6)]H4B)t(B[l(BH4)])])]
984,2.662406217967099,C[l(B6[t(B6[b(B2[r(B2[t(B[t(B6[l(B4H6)])]H2)]H4)])])])f(H6H4)]
985,2.6593265357260725,C[l(B4B[r(B4)]B4[b(B)l(B6[b(B2[b(B2[l(B6)])])]H)])f(H4H4)]
986,2.64795011469862,C[f(H4B4[l(B[l(B2)b(B6[b(B2[b(B2[r(B6H4)])])t(B6)]H)])])]
987,2.6473308826013096,C[f(B2[l(B2[r(B6[b(B[r(B[b(B6H2HH2)]H6)])]H4)])])]
988,2.64589862437881,C[r(B4[r(B4[t(B6[b(B2[r(B)b(B2)])l(B6H4H)])]H)b(B6[b(B4)])])f(H6)]
989,2.63791294672568,C[f(H4B6[t(B)l(B2[r(B2H)l(B6[t(B6)r(B6H)])]H)]H4)]
990,2.637714339903381,C[f(H6H4B[r(B2[t(B)l(B6[l(B2[t(B6)]H6)t(B6)])]H4)])]
991,2.6359149418746695,C[l(B6[r(B)t(B2)b(B2[r(B2[t(B)l(B[l(B2[r(B)])]H)]H4)])]B2[l(B6)])f(H6)]
992,2.633020404433699,C[l(B6[b(B2)t(B6)]B[r(B[l(BHH4)]H4H)])]
993,2.630144869374819,C[f(H6H4HBB6[l(B2H6B6H4H4H6)]H6H2)]
994,2.629626276005157,C[r(B4[r(B)b(B2[l(B6H2)b(B6[b(B2)]BH6)]B4B6H4)])f(H6)]
995,2.623869295412508,C[f(H4B[l(B2H2)t(B6[b(B2[l(BH4)])]B6)]H4H6)]
996,2.618070762834498,C[f(H2B[t(B[t(B2[r(B4H6)])l(BH4H4)r(BH6)])])]
997,2.5960579936055366,C[f(H6H4H4B2[b(B2[r(B6[b(B6BH)t(BH)])])])]
998,2.5760407910421845,C[r(B[r(BH4B[r(B2)b(B6[l(B[b(B6)]H4H4)])])])f(H4H4)]
999,2.5747697391472655,C[r(B4[l(B2[l(B6H2)b(B[r(B4H4)b(B[r(BH)])]B6)])])f(H4)]
1000,2.4855226385627596,C[f(B2[r(B2[t(B4H4B[b(B6[t(BH)])]B2H)])]H6)]
